event_id,title,domain,date,language,url,text,text_length
E002,"Latest News on Red Fort Blast : Get Red Fort Blast News Updates along with Photos , Videos and Latest News Headlines",indianexpress.com,20251116T073000Z,English,https://indianexpress.com/about/red-fort-blast/,"September 10, 2026 5:00 am
They ordered bomb components on Flipkart, used Signal for planning even though it was ‘invented by Kafirs’: NIA.
September 05, 2026 6:21 pm
A Delhi court extended by 14 days the judicial custody of Al-Falah University Chancellor Jawad Ahmad accused in the cases registered by the Delhi Police Crime Branch and the Enforcement Directorate.
June 27, 2026 6:14 pm
The NIA said absconding accused Muzafar Ahmad, a paediatrician, is a founding member of AGuH Interim, which the agency has described as an offshoot of Al-Qaeda.
May 15, 2026 5:40 pm
India has put Operation Sindoor on hold. Another attack in India that may appear ‘undeniably’ cross-border in nature, may re-ignite the next round of the India-Pakistan conflict
May 15, 2026 1:40 am
NIA’s probe, taken over from the Delhi Police, uncovered a major jihadist conspiracy involving radicalised medical professionals inspired by Al-Qaeda in the Indian Subcontinent/AGuH ideology.
May 03, 2026 10:48 am
Jawad Ahmad Siddiqui was arrested on November 18 last year after the university came under the radar of security agencies following the November 10 blast outside the Red Fort.
May 02, 2026 11:01 am
Sources claimed the Enforcement Directorate, during its probe into the university's financial records, found forged GPA of deceased owners was used to transfer 1.15-acre of land in Southeast Delhi.
March 27, 2026 1:25 pm
The statements from the former students, who pursued degrees in engineering or education, are learnt to form part of two charge sheets, that were filed against the university.
March 26, 2026 9:43 am
The probe agency also sought 45 more days to finish its investigation",1670
E002,Red Fort Blast : Celebrities flood social media with heartfelt condolences : Bollywood News,bollywoodhungama.com,20251111T173000Z,English,https://www.bollywoodhungama.com/news/bollywood/red-fort-blast-celebrities-flood-social-media-heartfelt-condolences/,"A day after the shocking blast near the Red Fort in New Delhi, the country continues to grapple with the tragedy that claimed multiple lives and left several injured. According to initial reports, the explosion occurred near a crowded tourist stretch close to the Lahori Gate entrance, triggering panic across the area. Emergency responders and security teams swiftly evacuated the vicinity, with authorities launching a full-scale investigation into the attack. The incident has drawn widespread grief and condemnation, with citizens and public figures expressing solidarity with the victims and their families.
Red Fort Blast: Celebrities flood social media with heartfelt condolences
Members of the Indian film industry also took to social media to voice their sorrow and support. Celebs like Priyanka Chopra Jonas, Raveena Tandon, Ayushmann Khurrana, Sidharth Malhotra, Ishaan Khatter, Sonu Sood, Thalapathy Vijay, Nimrat Kaur, Karan Tacker, Neha Sharma, among others shared their condolences extending their help to the victims and families during such difficult times, turning social media into a space of collective grief and support.
Priyanka Chopra Jonas
It’s devastating to see the visuals from Red Fort. So much fear, chaos and heartbreak.
My thoughts and prayers are with those injured and condolences for the lives lost.
 Hoping for some answers soon.
 In the meantime please stay safe and alert.
— PRIYANKA (@priyankachopra) November 11, 2025
 Raveena Tandon
Condolences to all those bereaved families who lost their loved ones in the Delhi blast . Horrible news .
— Raveena Tandon (@TandonRaveena) November 10, 2025
Ranveer Singh
Karan Johar
Sonakshi Sinha
Farhan Akhtar
Shilpa Shetty
Ayushmann Khurrana
Sidharth Malhotra
Ishaan Khatter
Isha Koppikar
Sonu Sood
My heart reaches out to everyone impacted by today’s tragic blast near the Red Fort in Delhi. ???? Let’s support the victims, look out for each other, and commit to peace.
— sonu sood (@SonuSood) November 10, 2025
 Thalapathy Vijay
Deeply shocked and saddened by the news of car explosion near Red Fort Metro, Delhi that has claimed precious lives.
My heartfelt condolences to the families who lost their loved ones. Wishing speedy recovery to all those injured.
— TVK Vijay (@TVKVijayHQ) November 10, 2025
Allu Arjun
Deeply saddened by the tragic incident near Delhi's Red Fort. My heartfelt prayers are with the victims and their families, and I wish for peace to prevail once again. ???????? ????????
— Allu Arjun (@alluarjun) November 11, 2025
Nimrat Kaur
Karan Tacker
Neha Sharma
Deeply saddened and shocked by the tragic blast in New Delhi. My heartfelt condolences to the families who have lost their loved ones, and prayers for strength and a speedy recovery for all those injured.
— Neha Sharma (@Officialneha) November 10, 2025
 Nitanshi Goel
Also Read: EXCLUSIVE: Dhurandhar trailer launch POSTPONED due to Dharmendra’s ill-health, Delhi blast
BOLLYWOOD NEWS - LIVE UPDATES
Catch us for latest Bollywood News, New Bollywood Movies update, Box office collection, New Movies Release , Bollywood News Hindi, Entertainment News, Bollywood Live News Today & Upcoming Movies 2026 and stay updated with latest hindi movies only on Bollywood Hungama.",3229
E002,All gates of Lal Quila metro station reopened six days after car blast near Delhi Red Fort that killed 13,livemint.com,20251116T061500Z,English,https://www.livemint.com/news/india/all-gates-of-lal-quila-metro-station-reopened-six-days-after-car-blast-near-delhis-red-fort-that-killed-13-11763264906429.html,"Six days after the car blast near Red Fort in Delhi that killed 13 people, all four gates of Lal Quila metro station have been reopened for commuters on Sunday.
The Delhi Metro Rail Corporation took to X and said, “All the gates of Lal Quila Metro Station are now open for commuters.” Yesterday, it reopened gate 2 and 3.
It announced the closure of Lal Quila Metro Station on Thursday until further notice citing security reasons. It said, “The Lal Quila Metro Station will remain closed till further notice due to security reasons. All other metro stations and lines are functioning as per schedule.”
The station on Delhi Metro’s Violet Line serves as a major access point to several notable landmarks, including the historic Red Fort, Jama Masjid, and the lively Chandni Chowk area. Recently, new CCTV footage emerged showing the prime suspect, Dr. Umar Un Nabi, entering the national capital via the Badarpur border in an i20 car, intensifying the investigation into the ongoing blast case, according to ANI.
In the video, Umar is seen stopping at the Badarpur toll plaza, retrieving cash, and handing it to the toll collector. Although he wore a mask, his face was clearly identifiable, and a large bag was visible in the car’s backseat.
""Every driver who was present in the parking area around that time is being contacted and questioned. We are verifying whether they saw the Haryana-registered HR-26 Hyundai i20, whether anyone accompanied the driver Umar Nabi, and whether they noticed anyone entering or exiting the car,"" PTI quoted a source as saying.
The Delhi Police Special Cell has filed a separate FIR under criminal conspiracy provisions to investigate the broader plan behind the blast. The original case, registered under the Unlawful Activities (Prevention) Act (UAPA), has already been handed over to the National Investigation Agency (NIA).
On November 10, central agencies dismantled what they termed a “white-collar terror module” operating across Jammu & Kashmir, Haryana, and Uttar Pradesh, seizing 2,900 kg of explosive materials and arresting eight individuals, including three doctors. Just hours before the powerful explosion struck a slow-moving car near the Red Fort Metro station.",2213
E002,Delhi Blast : Who is Dr Priyanka Sharma ? Haryana woman doctor linked to  white collar  terror module detained in J - K,dnaindia.com,20251116T111500Z,English,https://www.dnaindia.com/india/report-delhi-blast-who-is-dr-priyanka-sharma-haryana-woman-doctor-linked-to-white-collar-terror-module-detained-in-j-k-3188990,"INDIA
Days after a blast near the iconic Red Fort, a link to a ""white-collar terror network"" has surfaced in which the probe agencies have detained a woman doctor from Haryana, posted at a government medical college in south Kashmir. The investigators traced links of a 'white collar' terror module with links extending from Jammu Kashmir to New Delhi, according to India Today.
Days after a blast near the iconic Red Fort, a link to a ""white-collar terror network"" has surfaced in which the probe agencies have detained a woman doctor from Haryana, posted at a government medical college in south Kashmir. The investigators traced links of a 'white collar' terror module with links extending from Jammu Kashmir to New Delhi, according to India Today. 
	
	Who is Dr Priyanka Sharma?
	
	Dr Priyanka Sharma, a doctor from Haryana, has been detained in Anantnag, south Kashmir, for questioning in connection with a ""white-collar"" terror module. The Jammu and Kashmir Police's Counter-Intelligence teams raided her rented accommodation and seized a mobile phone and SIM card for forensic analysis. Her name surfaced after the arrest of Adeel, a former staff member at Government Medical College (GMC), Anantnag, whose interrogation pointed to individuals allegedly providing logistical and financial support to the module. 
Following leads from Kashmir, the Anti-Terrorism Squad (ATS) is investigating around 200 Kashmiri-origin medical students and doctors in Uttar Pradesh. The ATS has contacted colleges and universities in Lucknow, Kanpur, Meerut, Saharanpur, and other cities as part of the probe into a ""white-collar"" terror module. Several doctors have been detained from Haryana, and others from Al-Falah University in Faridabad, suspected of links to terror groups.
Delhi blast investigation: What we know so far
Delhi Police and central agencies are investigating a blast near Red Fort that killed 13 people. So far, three men, including two doctors from Al Falah University in Haryana, were detained during coordinated raids in Dhauj, Nuh, and nearby areas. Meanwhile, a breakthrough has been achieved in the case, with intelligence agencies uncovering a Rs 20 lakh fund trail linked to three doctors, Umar, Muzammil, and Shaheen. Intelligence sources on Sunday said that the amount is suspected to have been routed by a Jaish-e-Mohammed handler through a hawala network.
Also, Delhi Police sources on Sunday confirmed that three cartridges recovered from the site, two live and one empty, were of 9mm calibre, a firearm type prohibited for civilian possession and used by security forces. The discovery of the 9mm cartridges adds a new dimension to the ongoing investigation, as officials probe the source of the ammunition and whether it was linked to any terror or criminal network. Security agencies examined CCTV footage and gathered forensic evidence from the blast site.
	Delhi blast
On November 10, the blast near the Red Fort complex in the national capital killed 12 people and injured several others.On Saturday, Delhi Police registered a fresh FIR under sections of criminal conspiracy in the Red Fort blast investigation, officials said.The new FIR comes days after the car blast near the historic Red Fort area on November 10 killed 12 people.Further, security around the Red Fort has been heightened in the wake of the blast, with authorities maintaining a strict vigil over entry points and surrounding areas.
(With inputs from ANI)",3455
E002,Delhi Red Fort Blast Live : Amit Shah calls for high - level meeting ! ,thehindubusinessline.com,20251111T051500Z,English,https://www.thehindubusinessline.com/news/national/delhi-red-fort-blast-explosion-live-updates/article70265449.ece,"Delhi Red Fort Explosion Highlights: A powerful car blast near Delhi’s Red Fort on Monday evening, which killed nine people and injured 20, has been confirmed as a terror attack.
All those responsible for the Delhi blast will be brought to justice: PM Modi in Bhutan
Union Home Minister Amit Shah chaired a high-level meeting on Tuesday morning with top intelligence and police officials to assess the situation, as links to a recently busted terror module in Faridabad and Jammu & Kashmir emerge.
Investigations point to the use of ammonium nitrate, fuel oil, and detonators, with the car allegedly driven by Umar Mohammad, a Pulwama-based doctor associated with the Jaish-e-Mohammad network.
CCTV footage shows a masked driver moments before the explosion. Security has been tightened across Delhi, with vehicle checks at borders and the Red Fort Metro Station closed.
An FIR under UAPA and the Explosives Act has been registered, while multiple agencies including NSG and FSL are examining the site for evidence.
- November 11, 2025 21:12This live blog is now closed
- November 11, 2025 16:49Delhi Blast Live Updates: UK updates travel advisory after Delhi explosion, urges caution-PTI
- November 11, 2025 16:37Delhi Blast Live Updates: Bomb scare calls pour in after Red Fort blast; all false alarms - PTIHours after the bomb blast near Red Fort killing 12 people, the Delhi Fire Services (DFS) received five calls about “unclaimed” vehicles and bags, all of which later turned out to be false alarms, an official said on Tuesday. According to DFS officials, the calls started pouring in soon after news of the explosion spread, reflecting heightened public anxiety across the city.
- November 11, 2025 16:14Red Fort Blast Live Updates: Police to conduct strict inspections at railway stations, bus stands a day after Delhi blastAfter the explosion in a Hyundai i20 near the Red Fort in Delhi on Monday evening that killed eight and injured several others, security has been heightened at railway stations, bus stands and shopping malls in the State of Uttarakhand. - ANI
- November 11, 2025 15:32Red Fort blast: Car's 11-hour trail shows suspicious movement before deadly explosion - PTIThe Delhi Police has traced the 11-hour route taken by the Hyundai i20 car that was used in a blast that has claimed at least 12 lives here -- revealing the vehicle’s movement from Haryana’s Faridabad to the national capital.
- November 11, 2025 14:44Delhi Blast Live Updates: Delhi Police trace 11-hour route of Hyundai i20 involved in Delhi car blastThe Delhi Police on Tuesday found the 11-hour route map of the Hyundai i20 car, in which the blast near the Lal Quila metro station took place on Monday evening.The car blast claimed the lives of at least eight people, while several others were left injured.During the investigation, it was discovered that the car had departed from Faridabad for the Red Fort 11 hours prior and had passed through several locations during the journey.The CCTV footage revealed that the car was first seen outside Asian Hospital in Faridabad at around 7:30 a.m. on Monday.
- November 11, 2025 14:22Delhi Blast live updates: ""Complete failure"": Pawan Khera slams Centre over explosives recovered in FaridabadCongress leader Pawan Khera on Tuesday launched a scathing attack, calling the Central government a “complete failure” following recovery of 360 kgs of explosives in Haryana’s Faridabad. Speaking to ANI, Khera alleged that the government has not even answered the doubts regarding the Pulwama terror attack in 2019 yet, and such behaviour adds to the apprehensions in the minds of the citizens. Khera said, “It is very surprising and shocking that we have still not received answers as to how 350 kgs of RDX reached Pulwama. It has been more than six years now, but we have not received any answers. The then-Governor Satpal Malik raised questions on this several times, but no answers were received. Now, such large quantities of explosives, bomb-making equipment have been seized from NCR. This tells us that the government seems to be a complete failure.”
- November 11, 2025 14:17Delhi Red Fort Explosion Live: ""No place for supporters of terrorism"": Nitin Gadkari assures strict action in Delhi blast caseOffering condolences to families of those who lost their lives in the Delhi blast near Red Fort, Union Minister Nitin Gadkari on Tuesday asserted that there was no place for supporters of terrorism in India. Speaking to reporters here, Gadkari said that the government will take strict action against those responsible for the ghastly blast that killed at least eight people and left many injured.“This is a very unfortunate incident. The government has taken it very seriously, and our government will take strict action against those responsible. There is no place for supporters of terrorism in this country. I extend my condolences to those who lost their lives,” Gadkari said.
- November 11, 2025 13:47Delhi Red Fort Blast Live: Bhutan's King leads prayers for Delhi blast victimsBhutan’s King Jigme Khesar Namgyel Wangchuck on Tuesday led special prayers for the victims of the deadly explosion in Delhi, expressing solidarity with India. At the Changlimethang C in Thimphu, the King of Bhutan, along with thousands of Bhutanese citizens and monks, offered prayers for those who lost their lives in the November 10 car blast near Delhi’s Red Fort. The Bhutanese leadership conveyed heartfelt condolences to the families of the victims and wished a speedy recovery to those injured in the tragic incident. Special prayers were offered for all those affected by the blasts.
- November 11, 2025 13:08Delhi Blast Live: TMC MP Mahua Moitra criticises Amit Shah over Delhi blastTMC MP Mahua Moitra on Tuesday launched a sharp attack on Union Home Minister Amit Shah over the Delhi blast. In a post on X, Moitra wrote, “India needs a capable Home Minister not a full-time Hate Campaign Minister. Isn’t it @AmitShah’s duty to protect both our borders as well as our cities? Why is he failing so spectacularly on all counts?” Her comments came a day after a high-intensity blast near the Red Fort in Delhi left several people dead and many injured, triggering questions over policing and intelligence gaps. The Krishnanagar MP has frequently targeted the BJP leadership over issues of law and order, federalism, and what she describes as the Centre’s use of agencies against opposition leaders.
- November 11, 2025 13:04Delhi Red Fort Terrorist Attack live: All responsible for Delhi blast will be brought to justice: PM ModiPrime Minister Narendra Modi said on Tuesday that all conspirators of the Delhi blast that killed 12 people will be “brought to justice”. Addressing a gathering at the Changlimithang celebration ground here in Bhutan, the prime minister said that Monday’s “horrifying” blast in Delhi shocked everyone.
- November 11, 2025 12:55Delhi blast live updates: Mother of man driving car called for DNA test in J-K's PulwamaPolice on Tuesday took the mother of the man who was suspected to be driving the car that exploded near the Red Fort was called for a DNA test in Pulwama district of Jammu and Kashmir, officials said here. “We have taken the mother of the suspect to collect DNA samples in order to match with the parts found at the scene of the blast,” an official said. Dr Umar Nabi was allegedly driving the Hyundai i20 car that was used in the blast near the parking area of the Red Fort Metro Station on Monday, killing at least 12 people. He hails from Koil village in Pulwama, they said. Two brothers of the suspect accompanied their mother to the hospital. The officials said three persons -- who were linked to sale and purchase of the car involved in the blast -- have been detained for questioning.
- November 11, 2025 12:38Delhi Red Fort Blast live updates: The aftermath, in pictures
- November 11, 2025 12:31Delhi Red Fort Blast live updates: Rajnath Singh vows strict action in Delhi blast caseDefence Minister Rajnath Singh said on Tuesday that the country’s leading investigative agencies are conducting a “swift and thorough” inquiry into the recent Delhi high-intensity explosion case, assuring that those responsible will not be spared and that the investigation’s findings will be made public soon. Speaking at the “Delhi Defence Dialogue” organised at the Manohar Parrikar Institute for Defence Studies and Analyses (MP-IDSA), Singh said, “I extend my heartfelt condolences to all those who lost their lives in the tragic incident that occurred in Delhi yesterday. I pray to God to grant strength and courage to the bereaved families in this hour of deep grief.” “I wish to assure that the country’s leading investigative agencies are conducting a swift and thorough inquiry into the incident. The findings of the investigation will soon be made public. I want to formally assure the nation that those responsible for this tragedy will be brought to justice and will not be spared under any circumstances,” he added. - ANI
- November 11, 2025 12:27Red Fort Blast Live Updates: Rail minister says vigil strengthened at major railway stations
- November 11, 2025 12:24Red Fort Blast Live: The entire nation stands with the families of those affected by the Delhi blast: PM Modi in Bhutan
- November 11, 2025 12:20Red Fort Blast live: All those responsible for the Delhi blast will be brought to justice: PM Modi in Bhutan.
- November 11, 2025 12:18Red Fort attack live updates: Police conducting search operation in Faridabad after recovery of huge cache of explosives
- November 11, 2025 12:08Delhi blast live updates: Red Fort blast probe widens, police trace trail to Faridabad varsityPreliminary probe into the blast near Delhi’s Red Fort has suggested links to the alleged terror module uncovered in Faridabad. Police on Tuesday said a team is camping at the Al Falah University, where the Kashmiri doctor lived for the past three-and-a-half years, and are questioning staff and doctors at the varsity here, a senior police office said. Several police personnel are conducting search in the Dhauj police station area, he said. Investigation so far revealed that a cleric here who was detained by police revealed that he had rented out his room to an autorickshaw driver who then gave it to Dr Muzammil for keeping “luggage” in the room. Eight people, including the Kashmiri man and two fellow doctors were arrested for allegedly being part of a white collar terror module involving the Jaish-e-Mohammed and Ansar Ghazwat-ul-Hind and spanning Kashmir, Haryana and Uttar Pradesh, officials said. Two other doctors, Adeel and Shaheen, have also been arrested in connection to the case.
- November 11, 2025 12:02Red Fort blast live updates: Delhi blast a wound to the integrity of the nation, says Suresh GopiUnion Minister Suresh Gopi on Tuesday described the blast near Red Fort in Delhi was a “wound to the integrity of the nation” and said the Centre would take stringent measures against the culprits and those supporting them. Addressing the media here, he called the explosion an “exceptional and unfortunate incident”. “In the last 30 days, we have busted eight such attempts in various places, including in Rajasthan. This incident is a wound to the integrity of the nation,” Gopi said. The central government would certainly take firm measures against the perpetrators, their supporters and the forces behind them, the minister added. He decline to share the details of the investigation, citing instructions from the Centre. - PTI
- November 11, 2025 11:43Delhi Terror Attack Live Updates: Nitish condoles deaths in Delhi blast, wishes for speedy recovery of those injuredBihar Chief Minister Nitish Kumar on Tuesday condoled the death of 12 people in the Delhi blast and wished for the speedy recovery of those injured. A powerful explosion ripped through a slow-moving car at a traffic signal near the Red Fort metro station on Monday evening. Till last night, nine people were confirmed to have died in the blast and 20 others were injured, officials said, adding three others succumbed to their injuries. “I am very aggrieved by the incident. In this moment of grief, may God provide enough strength to the family members of the deceased to endure this loss,” Kumar was quoted as saying in a statement issued by the chief minister’s office (CMO). He also wished for speedy recovery of those injured.
- November 11, 2025 11:38Delhi Red Fort Terror Attack Live Updates: Supreme Court pays homage to victims of Delhi blastThe Supreme Court on Tuesday paid homage to the victims of the car blast near the Red Fort here, and said the top court is committed to uphold the rule of law. Chief Justice of India B R Gavai said in this hour of grief, the Supreme Court stands with the citizens of the country. “The Supreme Court is committed to uphold the rule of law and may the departed soul rest in peace,” the CJI said. The observations were made by the CJI in a full court reference held to pay homage to senior advocates Sharat S Javali and Jagdish Chandra Gupta, who passed away recently.
- November 11, 2025 11:28Delhi Red Fort Terror Attack live updates: Delhi Police initial probe points to possible suicide attackDelhi Police’s initial investigation suggests that the high-intensity explosion near the Red Fort complex may have been a fidayeen (suicide) attack, said sources within the Delhi Police on Tuesday.According to early findings, investigators believe the suspect intended to carry out an explosion. As soon as the suspect learned that a Faridabad module had been busted, he reportedly shifted to planning a fidayeen-style operation, apparently to maximise casualties and avoid capture by police, the sources added.Investigator are also probing if the actual target of the attck was at aother location since the car was moving slowly. Investigators are looking at all possible angles including.It is worth noting that Jammu and Kashmir and Haryana Police had jointly recovered 360 kg of explosive material and ammunition from Haryana’s Faridabad and apprehended two persons, Dr Muzammil and Aadil Rather, in the matter on early Monday.
- November 11, 2025 11:14Delhi Red Fort Terror Attack Live Updates: ""Why is the central govt repeatedly failing?"": JMM MP Mahua Maji slams NDA over Delhi blastJharkhand Mukti Morcha MP Mahua Majhi on Tuesday slammed the Central government over the security situation in the national capital region following a blast near Red Fort which killed atleast 8 people.While condoling the loss of lives in the incident, she questioned Centre over the “failing” law and order in the area, and raised suspicion over an “alleged attempt to mislead the public.” “This is a very unfortunate incident... The occurrence of such a major incident in such a sensitive area raises suspicion about why the central government is repeatedly failing. This is no small incident,” Maji told ANI, calling for the Centre to take responsibility for the incident.Raising questions over an alleged “attempt to mislead the public, she added, “Somehow, there is suspicion in everyone’s mind about why this happened. Is there an attempt to mislead the public?”
- November 11, 2025 11:13Delhi Red Fort Blast Live Updates: ""56 inch must answer"": Congress' Nana Patole demands accountability from centreCondemning the Delhi blast that claimed at least eight lives, senior Congress leader Nana Patole on Tuesday held the Narendra Modi government in the centre accountable for the country being unsafe.Speaking to reporters here, Patole lambasted Prime Minister Narendra Modi, saying that “56 inch” must answer for the national capital being unsafe.“Now is the time for them (the BJP and the central government) to answer. If our capital, Delhi, is not safe, 56 inch must answer for this. We do not want to play politics over this. Our concern is that our country is unsafe, and the central government is accountable for this,” the Congress leader said.
- November 11, 2025 10:46Delhi Red Fort Terror Explosion Live Updates: Delhi blast initial probe lead points link to Faridabad terror moduleWith initial probe making it clear that Monday’s blast in a car near the Red Fort is an act of terror, Union Home Minister Amit Shah chaired a high-level meeting attended by the Director of Intelligence Bureau, Union Home Secretary, Delhi Police Commissioner, and other senior officials to mobilise resources, as threads of the attack appear to spread across states including Haryana and Jammu & Kashmir. Delhi Red Fort Blast: Probe lead link to Faridabad terror moduleWith initial probe making it clear that Monday’s blast in a car near the Red Fort is an act of terror, Amit Shah chaired a high-level meeting attended by the Director of Intelligence Bureau, Union Home Secretary, Delhi Police Commissioner.
- November 11, 2025 10:36Delhi Blast Live Updates: Delhi's Lal Quila metro station closed due to security reasons: DMRCThe Lal Quila metro station remains shut as investigation continues in the wake of the Delhi blast on Monday evening that killed at least eight people and left many injured, Delhi Metro Rail Corporation (DMRC) said on Tuesday.“Lal Qila Metro Station is closed due to security reasons. All other stations are functional as normal,” DMRC posted on X.
- November 11, 2025 10:35Delhi blast live updates: Pulwama doctor was driving car, FIR lodged under UAPAPolice registered an FIR under the Unlawful Activities (Prevention) Act and the Explosives Act under sections which deal with punishment and conspiracy of a terror attack. According to sources, Umar Mohammad, a Pulwama resident and a doctor, was allegedly driving the Hyundai i20 car that was used in the explosion near the parking area of the Red Fort Metro Station. Umar Mohammad was allegedly associated with the Jaish-e-Mohammad terror module, they said.
- November 11, 2025 10:11Delhi Red Fort Explosion Live Updates: First FSL report of Delhi blast expected todayThe first report of the Forensic Science Laboratory (FSL) in the high-intensity explosion near Delhi’s Red Fort area is expected on Tuesday, according to Delhi Police Special Cell sources. The report is likely to provide clarity on the nature and composition of the material recovered. The sources added that the Delhi Police Special Cell has sought information from the Faridabad Crime Branch and Jammu and Kashmir Police regarding the explosives recovered from Faridabad. According to Special Cell sources, initial investigations may have revealed traces of ammonium nitrate. However, the exact nature of the explosive will be confirmed only after the Forensic Science Laboratory (FSL) submits its report.The sources further added that nothing resembling an improvised explosive device (IED) blast was found at the scene. (ANI)
- November 11, 2025 10:08Delhi Red Fort Explosion Live Updates: Amit Shah to chair security review meetingUnion Home Minister Amit Shah will chair a high-level security review meeting on Tuesday following the blast near the Red Fort here that left nine people dead, sources said. The meeting, to be held at 11 AM, will be attended by Union Home Secretary Govind Mohan, Director, Intelligence Bureau, Tapan Deka, Delhi Police Commissioner Satish Golcha and DG, NIA, Sadanand Vasant Date. DGP of Jammu and Kashmir Nalin Prabhat will attend the meeting virtually.
- November 11, 2025 09:43Delhi Red Fort Blast Live Updates: 200 police personnel are involved in reviewing CCTV footagesAccording to Delhi Police, CCTV footage from multiple locations has been meticulously reviewed, including from the Badarpur border to the parking area of the Red Fort’s Sunheri Masjid, as well as from the Outer Ring Road to the Kashmere Gate-Red Fort route. Nearly 200 police personnel were involved in examining footage across various routes.According to the sources, the i20 car, in which the blast had occurred, had entered Delhi from Haryana via Badarpur.
- November 11, 2025 09:36Delhi Red Fort Blast Live Updates: Delhi Police conduct night-long raids in hotels following blast near Red FortThe teams of Delhi Police carried out an extensive night-long search operation across hotels in Paharganj, Daryaganj, and nearby areas. All hotel registers were thoroughly examined during the raids. During the operation, four individuals were taken into custody for questioning. At least eight people were killed and several were injured in the high-intensity explosion outside the Red Fort on Monday evening.
- November 11, 2025 09:25Delhi Red Fort Blast Live: ""Thoughts and prayers with those impacted"": Sri Lanka LoP Premadasa on Delhi blastSri Lanka’s Leader of the Opposition, Sajith Premadasa, expressed his condolences and solidarity with India following the loss of lives and those who were injured in a blast which took place near the iconic Red Fort in the national capital on Monday evening.
- November 11, 2025 09:04Delhi Red Fort Blast LIVE: High alert sounded in Bengaluru after car explosion near Red Fort in Delhi
- November 11, 2025 08:35Delhi Red Fort Blast LIVE: Kashmiri doctor arrested in Faridabad with 360 kg explosives, arms cache seized
- November 11, 2025 08:35Delhi Red Fort Blast LIVE: ‘White collar’ terror network busted: 8 arrested, 2,900 kg explosives seized across 3 states
- November 11, 2025 08:34Delhi Red Fort Blast LIVE: Gujarat ATS busts ISKP-linked terror module; ‘doctor’ held for plotting Ricin attack
- November 11, 2025 08:33Delhi: Eight killed, several injured in blast near Red FortA high-intensity explosion ripped through a car near Delhi’s Red Fort Metro Station on Monday evening, killing at least eight people and injuring twenty-four others. The blast, which occurred during peak evening hours, set several nearby vehicles ablaze and sent shockwaves through the crowded area.
- November 11, 2025 08:32Delhi Red Fort Blast LIVE: Body parts scattered everywhere, sky turned red: Eyewitnesses of blast near Red Fort
- November 11, 2025 08:31Delhi Red Fort Blast LIVE: Delhi Red Fort blast: Car owner held, chain of resale under probe
- November 11, 2025 08:30Delhi Red Fort Blast LIVE: Delhi blast tragedy: Nine dead, 20 injured in car explosion; ammonium nitrate link suspected
Published on November 11, 2025",22216
E002,"Harrowing visuals emerge from blast near Delhi Red Fort ; 8 dead , cars badly damaged",moneycontrol.com,20251110T154500Z,English,https://www.moneycontrol.com/news/india/harrowing-visuals-emerge-from-blast-near-delhi-s-red-fort-8-dead-cars-badly-damaged-13664710.html,"Up to ₹50 lakhs | Starts at 9.99%
Kishor Prasad, DIG CRPF reaches the spot: ""It is too early to say anything. I am just going to the site...""
#WATCH | Delhi: Blast near Red Fort | Kishor Prasad, DIG CRPF reaches the spot.
He says, ""It is too early to say anything. I am just going to the site..."" pic.twitter.com/JCpKlWZqu5 — ANI (@ANI) November 10, 2025
------------
 VIDEO | Delhi: Multiple casualties brought to LNJP Hospital following explosion in car near Red Fort. Security deployed outside LNJP Hospital. A high-intensity explosion ripped through a car parked near the Red Fort metro station on Monday evening, gutting several vehicles and… pic.twitter.com/JeduWFDHWU — Press Trust of India (@PTI_News) November 10, 2025
A high-intensity explosion ripped through a car parked near the Red Fort metro station on Monday evening, gutting several vehicles and killing at least eight people.
------------------------
Forensic team arrives: Watch visuals
#WATCH | Delhi: Forensic team arrives at the spot after the blast near Gate no 1 of the Red Fort Metro station in Delhi
Delhi Police Commissioner Satish Golcha said, ""Today at around 6.52 pm, a slow-moving vehicle stopped at the red light. An explosion happened in that vehicle,… pic.twitter.com/rQeXcLYQ69 — ANI (@ANI) November 10, 2025
----------------------------------
#WATCH | A call was received regarding an explosion in a car near Gate No. 1 of the Red Fort Metro Station, after which three to four vehicles also caught fire and sustained damage. A total of 7 fire tenders have reached the spot. A team from the Delhi Police Special Cell has… pic.twitter.com/F7jbepnb4F — ANI (@ANI) November 10, 2025
A call was received regarding an explosion in a car near Gate No. 1 of the Red Fort Metro Station, after which three to four vehicles also caught fire and sustained damage. A total of 7 fire tenders have reached the spot. A team from the Delhi Police Special Cell has also reached the spot. Further details awaited: Delhi Fire Department.
Find the best of Al News in one place, specially curated for you every weekend.
Stay on top of the latest tech trends and biggest startup news.",2147
E002,"Delhi car blast : 9 mm cartridges recovered , no weapon found at site",tribuneindia.com,20251116T050000Z,English,https://www.tribuneindia.com/news/delhi/delhi-car-blast-9-mm-cartridges-recovered-no-weapon-found-at-site/,"Delhi car blast: 9 mm cartridges recovered, no weapon found at site
These cartridges are usually only possessed by the armed forces or those with special permission, the police said
In a major development in the Red Fort car blast case, Delhi Police sources on Sunday confirmed that three cartridges recovered from the site, two live and one empty, were of 9 mm calibre, a firearm type prohibited for civilian possession.
A senior official said that despite the cartridge recovery, no pistol or any of its parts were found at the scene.
""These cartridges are usually only possessed by the armed forces or those with special permission,"" the police said.
According to sources, no pistol or any part of it was found at the scene, meaning cartridges were found, but the weapon used to fire them has not yet been found.
The official said that they are now trying to determine how these cartridges came there, and whether the suspect possessed them.
The discovery of the 9 mm cartridges adds a new dimension to the ongoing investigation, as officials probe the source of the ammunition and whether it was linked to any terror or criminal network. Security agencies examined CCTV footage and gathered forensic evidence from the blast site.
On November 10, the blast near the Red Fort complex in the national capital killed 12 persons and injured several others.
A day earlier, the Delhi Police registered a fresh FIR under various sections of criminal conspiracy in the Red Fort blast investigation, officials said.
The new FIR comes days after the car blast near the historic Red Fort area on November 10 killed 12 people.
Meanwhile, security around the Red Fort has been heightened in the wake of the blast, with authorities maintaining a strict vigil over entry points and surrounding areas.
On Friday, the National Medical Commission (NMC) had cancelled the registration of four doctors from Jammu and Kashmir — Dr Muzaffar Ahmad, Dr Adeel Ahmad Rather, Dr Muzamil Shakeel and Dr Shaheen Saeed — in the Indian Medical Register/National Medical Register with immediate effect, sources said.
All State Medical Councils have been informed about the decision.
An order has been issued to all medical councils regarding the removal of the above four doctors, effective November 14, 2025.
The Delhi Police have already arrested Dr Adeel Ahmad Rather, Dr Muzamil Shakeel and Dr Shaheen Saeed in connection with the Delhi blast case, as they had an alleged link to past terror cases.",2473
E002,Lal Quila Metro reopens all gates five days after Delhi blast,thehindubusinessline.com,20251116T060000Z,English,https://www.thehindubusinessline.com/news/lal-quila-metro-reopens-all-gates-five-days-after-delhi-blast/article70286429.ece,"All gates of the Lal Quila Metro Station have reopened for commuters, five days after the deadly Delhi blast at the Subhash Marg traffic signal near the Red Fort, which claimed the lives of 12 people. The station, which falls on the Violet Line of the Delhi Metro, had been closed as a precautionary measure following the explosion.
After the blast, the Delhi Metro Rail Corporation (DMRC) announced on Thursday that the Lal Quila Metro Station would remain shut due to security concerns. Entry and exit at the station were temporarily suspended, and services were halted until the security agencies provided clearance.
""The Lal Quila Metro Station will remain closed till further notice due to security reasons. All other metro stations and lines are functioning as per schedule,"" the DMRC had said in an official statement.On Saturday, the DMRC reopened two of the station's gates, providing partial access to passengers.
In a post on X, the DMRC informed the public, stating, ""Gate numbers 2 & 3 at Lal Quila Metro Station are now open for commuters."" With all gates now operational, Metro services in the area have fully resumed. The station, located on the Violet Line of the Delhi Metro, serves as a key access point for several prominent landmarks, including the historic Red Fort, Jama Masjid, and the bustling Chandni Chowk area.
The temporary closure is expected to impact daily commuters and tourists visiting Old Delhi, especially during peak hours and weekends.
On November 10, the blast near the Red Fort complex in the national capital killed 12 people and injured several others. On Saturday, Delhi Police registered a fresh FIR under sections of criminal conspiracy in the Red Fort blast investigation, officials said.The new FIR comes days after the car blast near the historic Red Fort area on November 10 killed 12 people.
Meanwhile, security around the Red Fort has been heightened in the wake of the blast, with authorities maintaining a strict vigil over entry points and surrounding areas.
On Friday, the National Medical Commission (NMC) had cancelled the registration of four doctors from Jammu and Kashmir - Dr Muzaffar Ahmad, Dr Adeel Ahmad Rather, Dr Muzamil Shakeel and Dr Shaheen Saeed - in the Indian Medical Register/National Medical Register with immediate effect, sources told ANI. Essential DNA, explosive, and other samples have been collected from the site and sent for forensic examination. The investigation has been handed over to the National Investigation Agency.
Published on November 16, 2025",2537
E002,Red Fort blast news live updates : DNA test confirms man who carried out Delhi blast was Dr Umar Un Nabi,economictimes.indiatimes.com,20251113T023000Z,English,https://economictimes.indiatimes.com/news/newsblogs/breaking-news-live-updates-delhi-blast-lal-quila-red-fort-terrorist-attack-pm-modi-trump-us-india-trade-deal-russia-ukraine-war-november-13/liveblog/125288289.cms,"Business News›News›Newsblogs›US Highlights News Updates: Trump signs funding bill, ending record 43-day government shutdown
US Highlights News Updates: Trump signs funding bill, ending record 43-day government shutdown
14 Nov 2025 | 12:59:29 AM IST
Synopsis
US Highlights News Updates: Trump signs funding bill, ending record 43-day government shutdown
US Highlights News Updates: President Donald Trump signed a government funding bill Wednesday night, ending a record 43-day shutdown that caused financial stress for federal workers who went without paychecks, stranded scores of travelers at airports and generated long lines at some food banks.
The signing ceremony came just hours after the House passed the measure on a mostly party-line vote of 222-209. The Senate had already passed the measure Monday.
The shutdown magnified partisan divisions in Washington as Trump took unprecedented unilateral actions - including canceling projects and trying to fire federal workers - to pressure Democrats into relenting on their demands.
Democrats wanted to extend an enhanced tax credit expiring at the end of the year that lowers the cost of health coverage obtained through Affordable Care Act marketplaces. They refused to go along with a short-term spending bill that did not include that priority. But Republicans said that was a separate policy fight to be held at another time.
Show more Show less
1 New Update
12:59:06 AM IST, 14 Nov 2025
Here's the wrap for today:
Trump signs funding bill, ending record 43-day government shutdown
Mercury dips in Odisha, Daringbadi coldest at 7.5 deg C
Delhi clears jobs for kin of 1984 anti-Sikh riot victims
Red Fort Blast: Association of Indian Universities suspends membership of Al Falah University
Pune accident: Death toll rises to 8, two more bodies found
Punishment for Delhi blast perpetrators will send message to world: Amit Shah
Delhi Police advises early arrival at airports, metro, rail amid high security
Jaypee Infratech case: ED gets 5-day custody of Manoj Gaur
Red Fort blast halts business in Delhi markets, traders see shift to online orders
Red Fort blast: Death toll rises to 13 as another injured succumbs at LNJP Hospital
12:32:02 AM IST, 14 Nov 2025
Punjab: Shambhu Border to be closed for Nov 14 Delhi march; diversions announced
The authorities in Punjab and Haryana on Thursday issued traffic advisories ahead of the November 14 march to Delhi by the Qaumi Insaaf Morcha and some farmer outfits
11:36:57 PM IST, 13 Nov 2025
Keir Starmer is right. The death penalty is never the answer for any country. It’s inhumane, costly & doesn’t deter crime. It has no place in the civilised world. Most of Europe abolished the death penalty decades ago & has been better, safer without it, while many countries that retain the death penalty continue to suffer high crime rates regardless
- British businessman Richard Branson
11:03:45 PM IST, 13 Nov 2025
Trump signs funding bill, ending 43-day shutdown
President Donald Trump signed a government funding bill Wednesday night, ending a record 43-day shutdown that caused financial stress for federal workers who went without paychecks, stranded scores of travelers at airports and generated long lines at some food banks.
The signing ceremony came just hours after the House passed the measure on a mostly party-line vote of 222-209. The Senate had already passed the measure Monday
10:35:24 PM IST, 13 Nov 2025
Trump advisor says October jobs report to skip unemployment rate
US President Donald Trump's top economic advisor said Thursday that an official report on how the jobs market fared in October will not include the unemployment rate, as the government shutdown hit data collection. Trump signed a bill late Wednesday to end the shutdown -- the longest in US history at 43 days -- but the freeze had halted data collection with workers furloughed.
09:48:20 PM IST, 13 Nov 2025
A terror attack cannot go unpunished. The government has said that they will hunt down the perpetrators...What is extremely important is protecting the safety and security of our citizens in the weeks and months to come. Jaish-e-Mohammed was a legitimate target during Operation Sindoor. Terrorists have no impunity and protection from those who want to protect civilian lives. I respect the government's finding that this was a terrorist attack. It is important that we stand united on this issue
- Congress MP Shashi Tharoor speaks about Delhi terror attack
09:47:46 PM IST, 13 Nov 2025
DHL Group plans Euro 1-bn investment across its businesses in India by 2030, CEO Tobias Meyer told PTI
09:46:43 PM IST, 13 Nov 2025
Union Minister Dr Jitendra Singh inaugurated the National Conclave on Longitudinal Cohort Studies, “Cohort Connect 2025""
09:10:00 PM IST, 13 Nov 2025
High-level meeting underway at Union Home Minister Amit Shah's residence in Delhi
ANI reports
08:55:00 PM IST, 13 Nov 2025
Mercury dips in Odisha, Daringbadi coldest at 7.5 deg C
The mercury plummeted in many parts of Odisha on Thursday, with Daringbadi in Kandhamal district being the coldest place at 7.5 degrees Celsius, the IMD said
08:40:00 PM IST, 13 Nov 2025
Delhi clears jobs for kin of 1984 anti-Sikh riot victims
During a Cabinet meeting chaired by Delhi CM Rekha Gupta, the Delhi Government has approved a policy to provide compassionate employment to the dependants of victims who lost their lives in the 1984 anti-Sikh riots
08:22:58 PM IST, 13 Nov 2025
Pune accident: Death toll rises to 8, two more bodies found
Two more bodies recovered, death toll rises to eight in Pune accident, says the Fire Department
08:13:58 PM IST, 13 Nov 2025
AIU suspends Al Falah University after Red Fort blast
Association of Indian Universities (AIU) suspends membership of Al Falah University
08:00:00 PM IST, 13 Nov 2025
Six killed in Pune-Bengaluru Highway truck crash
Maharashtra: At least six people were killed after a container truck lost control and rammed into multiple vehicles near Navale Bridge on the Pune-Bengaluru Highway. Following the collision, 2–3 heavy vehicles caught fire. Rescue operations are underway: DCP Sambhaji Kadam, Zone 3 Pune City Police
07:49:39 PM IST, 13 Nov 2025
Watch: Delhi Police conducts mock drill at Sarojini Nagar Market
07:20:00 PM IST, 13 Nov 2025
Red Fort blast victims suffer hearing loss, pain in ear
Several of those injured in the Red Fort blast are suffering from hearing problems and pain in ear, doctors have said. Of the 13 dead in the Monday blast, only eight have been identified, as the remaining came dismembered. Many of the blast victims have been admitted to LNJP Hospital in different departments. According to an official speaking to PTI, the hospital's emergency ward currently has 12 patients - six in the isolation ward, four in the ICU, four in the neurosurgery unit, and one in the trauma centre.
07:10:00 PM IST, 13 Nov 2025
India, Canada discuss energy cooperation
Canada’s Minister of International Trade Maninder Sidhu posts, ""India is looking to increase its energy output by 70 percent and Canada has the energy to power India’s growth. Today, Minister Puri and I discussed opportunities to expand cooperation in LNG, nuclear, and hydrogen. Canada has the stability, the technology, and the resources to support India’s long-term energy needs. Strengthening this partnership means new investment and good jobs in both countries.""
07:00:52 PM IST, 13 Nov 2025
Air India confirms security alert on Toronto-Delhi flight, all safe
Air India Spokesperson says, ""A security alert was received on Air India flight AI188 during its cruise from Toronto to Delhi on 13 November. On board crew carried out all the laid down security drills keeping passenger safety & security as top priority. The flight has landed safely at Delhi and has been parked for the mandatory security checks by the security as per the protocol. All passengers and crew have disembarked safely.""
06:54:00 PM IST, 13 Nov 2025
Delhi Blast Live: Govt orders forensic audit of Al Falah University after blast
Govt to carry out forensic audit of all records of Al Falah University, which is under scanner following Delhi blast: Sources
ED, other agencies have been asked by govt to check money trail of Al Falah University in the wake of Delhi blast: Sources
06:41:02 PM IST, 13 Nov 2025
Pune: 3 dead, 20 injured as massive fire engulfs Navle Bridge after accident
Atleast three dead in an accident in Navle bridge in Pune, 20 others injured, the accident has led to a huge fire on the Navle bridge in Pune
06:26:16 PM IST, 13 Nov 2025
Amit Shah on Delhi Blast
Punishment for Delhi blast perpetrators will send message to world that no one should dare to think of such attack again: Amit Shah
Perpetrators of blast in Delhi will be brought to book, given strictest possible punishment: Union Home Minister Amit Shah
06:00:05 PM IST, 13 Nov 2025
Air India completes the first phase of its legacy retrofit programme for the A320 fleet
PTI reports
05:51:02 PM IST, 13 Nov 2025
Red Fort Blast Live: Delhi Police issues travel advisory amid heightened security checks
In view of the heightened security arrangements in the National Capital, all passengers are advised to reach the railway stations, metro stations and airport well in advance—Railways at least one hour before the scheduled departure of their trains; Metro at least 20 minutes before the scheduled departure of metro; Airport at least 3 hours before the scheduled international flight. The advisory has been issued to ensure smooth security checks, avoid last-minute inconvenience, and facilitate timely boarding amid the intensified security measures in and around major railway stations, metro stations and airport of Delhi: Jt. CP Milind Dumbre, Delhi Police
05:49:47 PM IST, 13 Nov 2025
Jaypee Infratech case: ED gets 5-day custody of Manoj Gaur
Jaypee Infratech Ltd alleged money laundering case | Delhi's Patiala House court grants 5 days custody of Manoj Gaur to Enforcement Directorate
05:17:26 PM IST, 13 Nov 2025
Red Fort Blast News Live: Red Fort blast hits markets, online sales rise
Delhi's central markets, once buzzing with activity, have turned quiet following the Red Fort blast. With fear still lingering, many outstation buyers are now opting for online orders instead of visiting in person.
The blast, which occurred on Monday evening, has affected trade in wholesale hubs like Sadar Bazaar and Chandni Chowk, which typically see heavy business during the festive and wedding season.
05:04:13 PM IST, 13 Nov 2025
Delhi blast case: Police probe red EcoSport linked to prime suspect
Faridabad, Haryana: Police take the red EcoSport DL 10 CK 0458, suspected to be linked to the prime suspect, Dr Umar Un Nabi, for further probe. The vehicle was earlier seized from Khandawali village
04:25:53 PM IST, 13 Nov 2025
Air India flight from Toronto to Delhi lands safely after security alert
An Air India spokesperson said flight AI188 from Toronto to Delhi received a security alert on November 13. The crew followed standard procedures, and the aircraft landed safely in Delhi, where security checks were conducted. All passengers and crew disembarked safely, the spokesperson added.
04:09:20 PM IST, 13 Nov 2025
Shivamogga: “Blast in Delhi is a 'terror’ incident; all political parties must show solidarity,” says Karnataka BJP president BY Vijayendra
03:53:19 PM IST, 13 Nov 2025
India, Nepal amend transit treaty to boost rail freight connectivity
A bilateral meeting between India’s Commerce and Industry Minister Piyush Goyal and Nepal’s Minister for Industry, Commerce and Supplies Anil Kumar Sinha was held in New Delhi today. During the meeting, both sides exchanged a Letter of Exchange (LoE) amending the Protocol to the Treaty of Transit between India and Nepal, the Ministry of Commerce & Industry said.
The amendment will facilitate the movement of rail-based freight between Jogbani (India) and Biratnagar (Nepal), including bulk cargo under an expanded definition. The liberalisation extends to key transit corridors — Kolkata–Jogbani, Kolkata–Nautanwa (Sunauli), and Visakhapatnam–Nautanwa (Sunauli) — aimed at strengthening multimodal trade connectivity between the two countries and enhancing Nepal’s trade with third countries.
03:52:53 PM IST, 13 Nov 2025
Mysuru: Farmers protest seeking protection from wild animal attacks
Farmers in Mysuru staged a protest demanding protection from frequent wild animal attacks on their crops and livestock. They alleged that the forest department has been ignoring their repeated pleas for action and urged authorities to implement effective measures to prevent such incidents and ensure their safety.
03:52:03 PM IST, 13 Nov 2025
Bijapur, Chhattisgarh: In the encounter between security forces and naxals in Bijapur district, 6 naxals were killed, and weapons have been recovered
03:51:31 PM IST, 13 Nov 2025
Manoj Gaur, Managing Director of Jaypee Infratech Limited, brought to Delhi's Patiala House Court, in a case of alleged cheating with home buyers. He was arrested by the Enforcement Directorate today
03:47:15 PM IST, 13 Nov 2025
Nippon Life India asset management to enter into collaboration with DWS Group GmbH & Co. : KGaA
In a major encounter in Bijapur, Maoists carrying a collective bounty of Rs 27 lakh were killed, police said. Bastar Inspector General of Police (IG) P. Sundarraj stated that in the past 20 months, security forces have recovered the bodies of 202 Maoist cadres after various encounters. He added that Bijapur and the Abhujmad region of Narayanpur district have long served as Maoist strongholds due to their terrain. “Over the last two years, we have maintained special focus on these regions,” Sundarraj said, noting that a significant number of Maoists, including top leaders, have been eliminated in recent operations.
03:49:39 PM IST, 13 Nov 2025
Faridabad: A Haryana Police vehicle labelled 'Bomb Disposal Squad' carrying a few personnel enters the premises of Al Falah University
03:32:27 PM IST, 13 Nov 2025
Page Industries - GST cuts, reduced lending rates to improve consumption in coming months
Price as on 03.32.27 PM, Click on company names for their live prices.
03:31:23 PM IST, 13 Nov 2025
Zelensky visits troops near Ukraine southern front
Ukrainian leader Volodymyr Zelensky said Thursday he was visiting troops near the frontline in the southern Zaporizhzhia region, where Russia has made recent advances in its almost four-year invasion.
Zelensky said on X that he had visited the ""command post of the 65th Separate Mechanised Brigade"" near the frontline town of Orikhiv, publishing photographs of his meeting with troops.
03:23:26 PM IST, 13 Nov 2025
Delhi terror incident: A suspicious Brezza car at Al-Falah University, Dhauj, is being investigated by Jammu and Kashmir Police
Source: ANI
03:19:15 PM IST, 13 Nov 2025
Pakistan says suicide bombers in recent attacks were Afghan nationals
Pakistan’s Interior Minister Mohsin Naqvi said on Thursday that both suicide bombers involved in the attacks in the country this week were Afghan nationals.
Source: Reuters
03:18:12 PM IST, 13 Nov 2025
Diya Kumari stresses self-reliance and awareness for women’s empowerment at BJP conference
Rajasthan Deputy Chief Minister Diya Kumari attended the BJP Women’s Conference under the Atmanirbhar Bharat campaign and underscored the need for women to be self-reliant and aware of their rights.
She said that whether women are working or not, they must strive for financial and personal independence, adding that true empowerment begins with self-awareness and the ability to meet one’s own needs.
03:16:11 PM IST, 13 Nov 2025
India is going to be one of our biggest partners, says OpenAI's Sam Altman
03:14:15 PM IST, 13 Nov 2025
Smartworks Coworking Spaces Prashant Hakim resigns as COO
Source: Reuters
03:13:26 PM IST, 13 Nov 2025
DHL Group to invest around 1 Billion Euros in India by 2030
Source: Reuters
03:11:38 PM IST, 13 Nov 2025
DK Shivakumar calls Supreme Court’s decision on Mekedatu dam ‘justice’, says project will move forward
After the Supreme Court declined to hear Tamil Nadu’s plea against Karnataka’s Mekedatu dam project, Deputy Chief Minister DK Shivakumar said the decision represents “justice” for the state.
“This is not a setback, it is justice. That is what we have been seeking. It is our right and our water. We are not causing any harm, Tamil Nadu will also benefit and receive sufficient water as per the order. We will move forward with the project. This is a victory of Bengalureans. I request Tamil Nadu to work together with us,” Shivakumar said.
03:07:45 PM IST, 13 Nov 2025
Volodymyr Zelensky sanctions ex-associate over major graft scandal
Ukrainian President Volodymyr Zelensky on Thursday ordered sanctions on an associate and former business partner at the heart of a major corruption scandal rocking Kyiv during a time of war.
Zelensky's office published a decree imposing ""personal special economic"" sanctions on Timur Mindich, a 46-year-old businessman, that include a freeze on his assets.
03:06:42 PM IST, 13 Nov 2025
India's textile exports to 111 countries record 10 pc growth during Apr-Sept: Government
03:06:26 PM IST, 13 Nov 2025
Blackstone, SoftBank said in talks for stakes in India cloud startup Neysa
Source: Bloomberg
03:06:06 PM IST, 13 Nov 2025
Lt Gen Dhiraj Seth reviews operational preparedness of Konark Corps during Exercise Akhand Prahar
Lt Gen Dhiraj Seth, General Officer Commanding-in-Chief, Southern Command, reviewed the operational preparedness of the Konark Corps during Exercise Akhand Prahar, conducted in the Desert Sector as part of the Tri-Services Exercise Trishul.
The exercise validated the full-spectrum combat readiness of the Konark Corps through the integrated employment of all arms and services. It included mechanised and infantry manoeuvres, land operations by the Rudra Brigade, Special Heliborne Operations, and coordinated attack helicopter missions by Army Aviation.
02:47:18 PM IST, 13 Nov 2025
BJP leader Anil Bhonde alleges ‘I love Muhammad’ posters in Amravati aimed at influencing youth
BJP leader Anil Bhonde on Thursday commented on the ‘I love Muhammad’ poster issue in Amravati, claiming that posters promoting Islamic teachings were spotted near college areas in the city with toll-free numbers printed on them.
He said, “In Amravati, near the college areas, posters promoting Islamic teachings were seen, with toll-free numbers given below. When we called to gain more information, they refused. Their intention appears to be to influence youngsters towards a jihadi mindset. Similar posters have been observed in Kerala and Kashmir as well. The aim seems to be to create disturbance in Amravati.”
02:42:37 PM IST, 13 Nov 2025
Calcutta HC cancels senior leader Mukul Roy's West Bengal Assembly membership under anti-defection law
Source: PTI
02:43:39 PM IST, 13 Nov 2025
UP: Siberian birds arrive at the ghats of Varanasi
02:38:08 PM IST, 13 Nov 2025
Uttarakhand CM Pushkar Singh Dhami inaugurates Ayurvedic College, calls state ‘land of Ayurveda’
Uttarakhand Chief Minister Pushkar Singh Dhami inaugurated the Ayurvedic College and Research Centre, describing the state as a global destination for traditional wellness and healing.
He said, “The entire state is our land of AYUSH, land of Ayurveda. People from all over the world come here for Ayurveda, AYUSH, wellness, and health. We are going to create a spiritual zone here. Certainly, our efforts in this direction, to bring people to our state, will gain great momentum. I extend my heartiest congratulations. Our efforts will always continue.”
02:37:02 PM IST, 13 Nov 2025
J-K cops move Interpol to issue Red Corner Notice against Kashmir's Dr Muzaffar, wanted in connection with 'white collar' terror module
Source: PTI
02:36:41 PM IST, 13 Nov 2025
Bangladesh interim chief adviser Muhammad Yunus announces parliamentary polls in February
Chief Adviser of the interim government of Bangladesh, Muhammad Yunus, addressed the nation on Wednesday, announcing that parliamentary elections will be held in a festive atmosphere in the first half of February.
He said the referendum on the July Charter will take place on the same day as the parliamentary elections.
02:34:41 PM IST, 13 Nov 2025
Adani Energy plans at least $500 million foreign debt offering
Source: Bloomberg
01:49:16 PM IST, 13 Nov 2025
Toyota to recall over 126,000 US vehicles over engine stall risk
01:07:53 PM IST, 13 Nov 2025
Red Fort blast news live updates: Al Falah University gets show-cause from NAAC
Al Falah University, under scanner in Delhi blast probe, gets show-cause from NAAC over false accreditation claim: Official.
11:51:53 AM IST, 13 Nov 2025
Delhi police files charge sheet against businessman Samir Modi in rape case (ANI)
10:45:03 AM IST, 13 Nov 2025
Manoj Gaur, MD Of Jaypee Infratech Limited, arrested by ED in a case of cheating with home buyers
10:10:52 AM IST, 13 Nov 2025
Delhi blast: Death toll rises to 13 as another injured succumbs at LNJP Hospital
09:42:33 AM IST, 13 Nov 2025
Noida: Anti-Smog gun is being used to sprinkle water on the roads to reduce dust and air pollution.
09:34:29 AM IST, 13 Nov 2025
Faridabad, Haryana | Latest visuals from the Khandawali village, where police seized the red EcoSport DL 10 CK 0458, suspected to be linked to the prime suspect, Dr Umar Un Nabi, in the Delhi blast case
09:07:15 AM IST, 13 Nov 2025
Delhi terror blast case
Around eight suspects planned to carry out a serial blast at four locations. They had planned to move to four cities in groups of two each. Each group was supposed to carry multiple IEDs along with them: Investigative Agency Sources.
08:57:49 AM IST, 13 Nov 2025
President Trump signs government funding bill, ending shutdown after a record 43-day disruption for country
08:38:55 AM IST, 13 Nov 2025
Red Fort blast news live updates: Lal Quila Metro Station to remain closed until further notice
Lal Quila Metro Station will remain closed till further notice due to security reasons. All other stations are functional as normal.
07:51:42 AM IST, 13 Nov 2025
Red Fort blast news live updates: DNA test confirms man who carried out Delhi blast was Dr Umar Un Nabi, reported ANI
07:36:48 AM IST, 13 Nov 2025
Delhi blast: CCTV captures the exact moment of the car blast
07:35:41 AM IST, 13 Nov 2025
Latest visuals from the Khandawali village, where police seized the red EcoSport DL 10 CK 0458, suspected to be linked to the prime suspect, Dr Umar Un Nabi, in the Delhi blast case
07:34:23 AM IST, 13 Nov 2025
Disturbed that an educated person committed such an act, says colleague of Adil Ahmad Rather
Dr. Babar, a colleague of Dr. Adil Ahmad Rather, who is detained in connection with the Red Fort car blast, shared his thoughts about Dr. Ahmad. In his interaction with ANI, Dr. Babar stated that all hospital staff have been questioned and will continue to cooperate with the investigation. ""He was of a calm nature. He invited us to his wedding. There, we did not see any suspicious persons. The hospital authorities provided him with accommodation. All hospital staff have been questioned, and we will continue to cooperate in the probe. Everyone is disturbed that such an educated person could commit such an act,"" Dr Babar told ANI.
07:33:31 AM IST, 13 Nov 2025
Red Fort blast news live updates: US Secy of State Rubio terms Delhi blast ‘terrorist attack,’ hails India’s ‘very good’ investigation
US Secretary of State Marco Rubio on Wednesday (local time) called the blast which took place in Delhi on Monday evening to 'clearly' be a 'terrorist attack'. He praised the country's professionalism in handling the investigation.
Rubio made the remarks while responding to a media query on India declaring the blast in Delhi on Monday as a ""terror incident"".
07:33:02 AM IST, 13 Nov 2025
Red Fort blast news live updates: DNA test confirms Dr Umar Un Nabi carried out Delhi blast
A DNA test has confirmed that the man who carried out the blast near Red Fort was Dr Umar Un Nabi. After the blast, his leg was stuck between the steering wheel and accelerator. His DNA sample matched with his mother: Delhi Police.",24106
E002,DMRC Reopens All Gates Of Delhi Lal Quila Metro Station Days After Car Blast Near Red Fort,news18.com,20251116T024500Z,English,https://www.news18.com/india/lal-quila-metro-station-gates-reopen-delhi-car-blast-red-fort-probe-security-dmrc-9711021.html,"DMRC Reopens All Gates Of Delhi's Lal Quila Metro Station Days After Car Blast Near Red Fort
All gates of Delhi’s Lal Quila Metro Station have reopened days after being shut following the Red Fort blast that killed 12 people.
All gates of Delhi’s Lal Quila Metro Station are now open for commuters, the Delhi Metro Rail Corporation (DMRC) said on Sunday, marking a complete restoration of access days after the station was shut due to security concerns following the car blast near the Red Fort.
“All the gates of Lal Quila Metro Station are now open for commuters,"" the DMRC announced in a service update issued on X on November 16.
Recommended Stories
- 12 Rajya Sabha Seats In UP, Uttarakhand, Bengal To Go To Polls On October 16
- 'Let Him Contest If...': Calcutta HC's Crucial Observation In Nandigram Bypoll Congress Candidate Milan Pradhan's Plea
- Recoveries Of Grenades, Rockets Surge In 2026, Raise Concerns Over Cross-Border Weapons Movement
- IIT Bombay Student Death: CCTV Trail Under Probe | Sahil Wakode Case Takes New Turn | Raw Report
Service Update:All the gates of Lal Quila Metro Station are now open for commuters.
— Delhi Metro Rail Corporation (@OfficialDMRC) November 16, 2025
A day earlier, on Saturday, the DMRC had reopened Gate Numbers 2 and 3 of the Lal Quila Metro Station, which were among those closed after the explosion near the Red Fort that killed 12 people and injured several others.
“Gate numbers 2 & 3 at Lal Quila Metro Station are now open for commuters,"" the metro authority had posted on X.
The station on the Violet Line was shut soon after the explosion near the Red Fort, with the DMRC stating that entry and exit would remain suspended until clearance from security agencies.
“The Lal Quila Metro Station will remain closed till further notice due to security reasons. All other metro stations and lines are functioning as per schedule,"" the agency had said.
Lal Quila station is a crucial transit point for visitors to the Red Fort, Jama Masjid and Chandni Chowk, and the closure had disrupted travel for daily commuters and tourists.
The reopening comes as investigators intensify their probe into the November 10 blast.
As investigations into the Delhi car blast case continue, a recently surfaced CCTV footage showed the prime accused, Dr Umar Un Nabi, entering Delhi through the Badarpur border in an i20 car.
The video captured him stopping at the toll plaza, taking out cash and handing it to the toll collector. Despite wearing a mask, his face was clearly visible, investigators said.
A large bag could also be seen placed in the backseat of the car.
Earlier, investigators confirmed Umar was the suicide bomber in the case after his DNA samples matched with that of his mother.
ALSO READ | Al-Falah University, Under Scrutiny For Terror Links, Faces More FIRs Over Forgery, Cheating",2840
E002,Man arrested in relation to deadly car blast in New Delhi,lbc.co.uk,20251117T000000Z,English,https://www.lbc.co.uk/article/man-arrested-deadly-car-blast-new-delhi-5HjdMss_2/,"Man arrested in relation to deadly car blast in New Delhi
The explosion killed 10 people and injured 32 others
India's anti-terror investigating agency said it arrested a man from Indian-controlled Kashmir on suspicion of conspiring with a suicide bomber to carry out a deadly car blast in the capital New Delhi.
Listen to this article
The National Investigating Agency said in a statement that the car that exploded on Monday was registered to Amir Rashid Ali, who it alleged had travelled to New Delhi from Indian-controlled Kashmir to facilitate the purchase of the vehicle.
It said Ali's arrest was a ""major breakthrough"" in the case.
The explosion killed 10 people and injured 32 others near the city's historic Red Fort. Indian officials called it a ""heinous terror incident"" carried out by ""anti-national forces"".
The car blast happened hours after police in Kashmir said they had dismantled a suspected militant cell operating from the disputed region, arresting at least seven people, including two Kashmiri doctors from Indian cities, and seizing a large quantity of bomb-making material.
Read more: At least eight dead after car explosion rocks major tourist hotspot in New Delhi
Read more: Ukraine and Greece reach gas import deal, Zelenskyy says
The investigating agency identified the car's driver and suspected suicide bomber as Umar Un Nabi, also a Kashmiri, a doctor teaching at a medical college in the city of Faridabad, near New Delhi.
Government forces blew up his family home in the southern district of Pulwama on Thursday night, officials said, as a reprisal for the attack.
Indian security agencies also have carried out a series of raids across Kashmir as part of their investigation, questioning thousands and detaining hundreds of people.
On Friday night, some of the explosives confiscated from Faridabad and brought to Kashmir's main city of Srinagar by the police detonated inside a police station, killing at least nine people and injuring 32 others.",1982
E002,Delhi Red Fort Blast Highlights : All those responsible for the Delhi blast will be brought to justice : PM Modi in Bhutan,thehindubusinessline.com,20251111T161500Z,English,https://www.thehindubusinessline.com/news/national/delhi-red-fort-blast-explosion-highlights/article70265449.ece,"Delhi Red Fort Explosion Highlights: A powerful car blast near Delhi’s Red Fort on Monday evening, which killed nine people and injured 20, has been confirmed as a terror attack.
All those responsible for the Delhi blast will be brought to justice: PM Modi in Bhutan
Union Home Minister Amit Shah chaired a high-level meeting on Tuesday morning with top intelligence and police officials to assess the situation, as links to a recently busted terror module in Faridabad and Jammu & Kashmir emerge.
Investigations point to the use of ammonium nitrate, fuel oil, and detonators, with the car allegedly driven by Umar Mohammad, a Pulwama-based doctor associated with the Jaish-e-Mohammad network.
CCTV footage shows a masked driver moments before the explosion. Security has been tightened across Delhi, with vehicle checks at borders and the Red Fort Metro Station closed.
An FIR under UAPA and the Explosives Act has been registered, while multiple agencies including NSG and FSL are examining the site for evidence.
- November 11, 2025 21:12This live blog is now closed
- November 11, 2025 16:49Delhi Blast Live Updates: UK updates travel advisory after Delhi explosion, urges caution-PTI
- November 11, 2025 16:37Delhi Blast Live Updates: Bomb scare calls pour in after Red Fort blast; all false alarms - PTIHours after the bomb blast near Red Fort killing 12 people, the Delhi Fire Services (DFS) received five calls about “unclaimed” vehicles and bags, all of which later turned out to be false alarms, an official said on Tuesday. According to DFS officials, the calls started pouring in soon after news of the explosion spread, reflecting heightened public anxiety across the city.
- November 11, 2025 16:14Red Fort Blast Live Updates: Police to conduct strict inspections at railway stations, bus stands a day after Delhi blastAfter the explosion in a Hyundai i20 near the Red Fort in Delhi on Monday evening that killed eight and injured several others, security has been heightened at railway stations, bus stands and shopping malls in the State of Uttarakhand. - ANI
- November 11, 2025 15:32Red Fort blast: Car's 11-hour trail shows suspicious movement before deadly explosion - PTIThe Delhi Police has traced the 11-hour route taken by the Hyundai i20 car that was used in a blast that has claimed at least 12 lives here -- revealing the vehicle’s movement from Haryana’s Faridabad to the national capital.
- November 11, 2025 14:44Delhi Blast Live Updates: Delhi Police trace 11-hour route of Hyundai i20 involved in Delhi car blastThe Delhi Police on Tuesday found the 11-hour route map of the Hyundai i20 car, in which the blast near the Lal Quila metro station took place on Monday evening.The car blast claimed the lives of at least eight people, while several others were left injured.During the investigation, it was discovered that the car had departed from Faridabad for the Red Fort 11 hours prior and had passed through several locations during the journey.The CCTV footage revealed that the car was first seen outside Asian Hospital in Faridabad at around 7:30 a.m. on Monday.
- November 11, 2025 14:22Delhi Blast live updates: ""Complete failure"": Pawan Khera slams Centre over explosives recovered in FaridabadCongress leader Pawan Khera on Tuesday launched a scathing attack, calling the Central government a “complete failure” following recovery of 360 kgs of explosives in Haryana’s Faridabad. Speaking to ANI, Khera alleged that the government has not even answered the doubts regarding the Pulwama terror attack in 2019 yet, and such behaviour adds to the apprehensions in the minds of the citizens. Khera said, “It is very surprising and shocking that we have still not received answers as to how 350 kgs of RDX reached Pulwama. It has been more than six years now, but we have not received any answers. The then-Governor Satpal Malik raised questions on this several times, but no answers were received. Now, such large quantities of explosives, bomb-making equipment have been seized from NCR. This tells us that the government seems to be a complete failure.”
- November 11, 2025 14:17Delhi Red Fort Explosion Live: ""No place for supporters of terrorism"": Nitin Gadkari assures strict action in Delhi blast caseOffering condolences to families of those who lost their lives in the Delhi blast near Red Fort, Union Minister Nitin Gadkari on Tuesday asserted that there was no place for supporters of terrorism in India. Speaking to reporters here, Gadkari said that the government will take strict action against those responsible for the ghastly blast that killed at least eight people and left many injured.“This is a very unfortunate incident. The government has taken it very seriously, and our government will take strict action against those responsible. There is no place for supporters of terrorism in this country. I extend my condolences to those who lost their lives,” Gadkari said.
- November 11, 2025 13:47Delhi Red Fort Blast Live: Bhutan's King leads prayers for Delhi blast victimsBhutan’s King Jigme Khesar Namgyel Wangchuck on Tuesday led special prayers for the victims of the deadly explosion in Delhi, expressing solidarity with India. At the Changlimethang C in Thimphu, the King of Bhutan, along with thousands of Bhutanese citizens and monks, offered prayers for those who lost their lives in the November 10 car blast near Delhi’s Red Fort. The Bhutanese leadership conveyed heartfelt condolences to the families of the victims and wished a speedy recovery to those injured in the tragic incident. Special prayers were offered for all those affected by the blasts.
- November 11, 2025 13:08Delhi Blast Live: TMC MP Mahua Moitra criticises Amit Shah over Delhi blastTMC MP Mahua Moitra on Tuesday launched a sharp attack on Union Home Minister Amit Shah over the Delhi blast. In a post on X, Moitra wrote, “India needs a capable Home Minister not a full-time Hate Campaign Minister. Isn’t it @AmitShah’s duty to protect both our borders as well as our cities? Why is he failing so spectacularly on all counts?” Her comments came a day after a high-intensity blast near the Red Fort in Delhi left several people dead and many injured, triggering questions over policing and intelligence gaps. The Krishnanagar MP has frequently targeted the BJP leadership over issues of law and order, federalism, and what she describes as the Centre’s use of agencies against opposition leaders.
- November 11, 2025 13:04Delhi Red Fort Terrorist Attack live: All responsible for Delhi blast will be brought to justice: PM ModiPrime Minister Narendra Modi said on Tuesday that all conspirators of the Delhi blast that killed 12 people will be “brought to justice”. Addressing a gathering at the Changlimithang celebration ground here in Bhutan, the prime minister said that Monday’s “horrifying” blast in Delhi shocked everyone.
- November 11, 2025 12:55Delhi blast live updates: Mother of man driving car called for DNA test in J-K's PulwamaPolice on Tuesday took the mother of the man who was suspected to be driving the car that exploded near the Red Fort was called for a DNA test in Pulwama district of Jammu and Kashmir, officials said here. “We have taken the mother of the suspect to collect DNA samples in order to match with the parts found at the scene of the blast,” an official said. Dr Umar Nabi was allegedly driving the Hyundai i20 car that was used in the blast near the parking area of the Red Fort Metro Station on Monday, killing at least 12 people. He hails from Koil village in Pulwama, they said. Two brothers of the suspect accompanied their mother to the hospital. The officials said three persons -- who were linked to sale and purchase of the car involved in the blast -- have been detained for questioning.
- November 11, 2025 12:38Delhi Red Fort Blast live updates: The aftermath, in pictures
- November 11, 2025 12:31Delhi Red Fort Blast live updates: Rajnath Singh vows strict action in Delhi blast caseDefence Minister Rajnath Singh said on Tuesday that the country’s leading investigative agencies are conducting a “swift and thorough” inquiry into the recent Delhi high-intensity explosion case, assuring that those responsible will not be spared and that the investigation’s findings will be made public soon. Speaking at the “Delhi Defence Dialogue” organised at the Manohar Parrikar Institute for Defence Studies and Analyses (MP-IDSA), Singh said, “I extend my heartfelt condolences to all those who lost their lives in the tragic incident that occurred in Delhi yesterday. I pray to God to grant strength and courage to the bereaved families in this hour of deep grief.” “I wish to assure that the country’s leading investigative agencies are conducting a swift and thorough inquiry into the incident. The findings of the investigation will soon be made public. I want to formally assure the nation that those responsible for this tragedy will be brought to justice and will not be spared under any circumstances,” he added. - ANI
- November 11, 2025 12:27Red Fort Blast Live Updates: Rail minister says vigil strengthened at major railway stations
- November 11, 2025 12:24Red Fort Blast Live: The entire nation stands with the families of those affected by the Delhi blast: PM Modi in Bhutan
- November 11, 2025 12:20Red Fort Blast live: All those responsible for the Delhi blast will be brought to justice: PM Modi in Bhutan.
- November 11, 2025 12:18Red Fort attack live updates: Police conducting search operation in Faridabad after recovery of huge cache of explosives
- November 11, 2025 12:08Delhi blast live updates: Red Fort blast probe widens, police trace trail to Faridabad varsityPreliminary probe into the blast near Delhi’s Red Fort has suggested links to the alleged terror module uncovered in Faridabad. Police on Tuesday said a team is camping at the Al Falah University, where the Kashmiri doctor lived for the past three-and-a-half years, and are questioning staff and doctors at the varsity here, a senior police office said. Several police personnel are conducting search in the Dhauj police station area, he said. Investigation so far revealed that a cleric here who was detained by police revealed that he had rented out his room to an autorickshaw driver who then gave it to Dr Muzammil for keeping “luggage” in the room. Eight people, including the Kashmiri man and two fellow doctors were arrested for allegedly being part of a white collar terror module involving the Jaish-e-Mohammed and Ansar Ghazwat-ul-Hind and spanning Kashmir, Haryana and Uttar Pradesh, officials said. Two other doctors, Adeel and Shaheen, have also been arrested in connection to the case.
- November 11, 2025 12:02Red Fort blast live updates: Delhi blast a wound to the integrity of the nation, says Suresh GopiUnion Minister Suresh Gopi on Tuesday described the blast near Red Fort in Delhi was a “wound to the integrity of the nation” and said the Centre would take stringent measures against the culprits and those supporting them. Addressing the media here, he called the explosion an “exceptional and unfortunate incident”. “In the last 30 days, we have busted eight such attempts in various places, including in Rajasthan. This incident is a wound to the integrity of the nation,” Gopi said. The central government would certainly take firm measures against the perpetrators, their supporters and the forces behind them, the minister added. He decline to share the details of the investigation, citing instructions from the Centre. - PTI
- November 11, 2025 11:43Delhi Terror Attack Live Updates: Nitish condoles deaths in Delhi blast, wishes for speedy recovery of those injuredBihar Chief Minister Nitish Kumar on Tuesday condoled the death of 12 people in the Delhi blast and wished for the speedy recovery of those injured. A powerful explosion ripped through a slow-moving car at a traffic signal near the Red Fort metro station on Monday evening. Till last night, nine people were confirmed to have died in the blast and 20 others were injured, officials said, adding three others succumbed to their injuries. “I am very aggrieved by the incident. In this moment of grief, may God provide enough strength to the family members of the deceased to endure this loss,” Kumar was quoted as saying in a statement issued by the chief minister’s office (CMO). He also wished for speedy recovery of those injured.
- November 11, 2025 11:38Delhi Red Fort Terror Attack Live Updates: Supreme Court pays homage to victims of Delhi blastThe Supreme Court on Tuesday paid homage to the victims of the car blast near the Red Fort here, and said the top court is committed to uphold the rule of law. Chief Justice of India B R Gavai said in this hour of grief, the Supreme Court stands with the citizens of the country. “The Supreme Court is committed to uphold the rule of law and may the departed soul rest in peace,” the CJI said. The observations were made by the CJI in a full court reference held to pay homage to senior advocates Sharat S Javali and Jagdish Chandra Gupta, who passed away recently.
- November 11, 2025 11:28Delhi Red Fort Terror Attack live updates: Delhi Police initial probe points to possible suicide attackDelhi Police’s initial investigation suggests that the high-intensity explosion near the Red Fort complex may have been a fidayeen (suicide) attack, said sources within the Delhi Police on Tuesday.According to early findings, investigators believe the suspect intended to carry out an explosion. As soon as the suspect learned that a Faridabad module had been busted, he reportedly shifted to planning a fidayeen-style operation, apparently to maximise casualties and avoid capture by police, the sources added.Investigator are also probing if the actual target of the attck was at aother location since the car was moving slowly. Investigators are looking at all possible angles including.It is worth noting that Jammu and Kashmir and Haryana Police had jointly recovered 360 kg of explosive material and ammunition from Haryana’s Faridabad and apprehended two persons, Dr Muzammil and Aadil Rather, in the matter on early Monday.
- November 11, 2025 11:14Delhi Red Fort Terror Attack Live Updates: ""Why is the central govt repeatedly failing?"": JMM MP Mahua Maji slams NDA over Delhi blastJharkhand Mukti Morcha MP Mahua Majhi on Tuesday slammed the Central government over the security situation in the national capital region following a blast near Red Fort which killed atleast 8 people.While condoling the loss of lives in the incident, she questioned Centre over the “failing” law and order in the area, and raised suspicion over an “alleged attempt to mislead the public.” “This is a very unfortunate incident... The occurrence of such a major incident in such a sensitive area raises suspicion about why the central government is repeatedly failing. This is no small incident,” Maji told ANI, calling for the Centre to take responsibility for the incident.Raising questions over an alleged “attempt to mislead the public, she added, “Somehow, there is suspicion in everyone’s mind about why this happened. Is there an attempt to mislead the public?”
- November 11, 2025 11:13Delhi Red Fort Blast Live Updates: ""56 inch must answer"": Congress' Nana Patole demands accountability from centreCondemning the Delhi blast that claimed at least eight lives, senior Congress leader Nana Patole on Tuesday held the Narendra Modi government in the centre accountable for the country being unsafe.Speaking to reporters here, Patole lambasted Prime Minister Narendra Modi, saying that “56 inch” must answer for the national capital being unsafe.“Now is the time for them (the BJP and the central government) to answer. If our capital, Delhi, is not safe, 56 inch must answer for this. We do not want to play politics over this. Our concern is that our country is unsafe, and the central government is accountable for this,” the Congress leader said.
- November 11, 2025 10:46Delhi Red Fort Terror Explosion Live Updates: Delhi blast initial probe lead points link to Faridabad terror moduleWith initial probe making it clear that Monday’s blast in a car near the Red Fort is an act of terror, Union Home Minister Amit Shah chaired a high-level meeting attended by the Director of Intelligence Bureau, Union Home Secretary, Delhi Police Commissioner, and other senior officials to mobilise resources, as threads of the attack appear to spread across states including Haryana and Jammu & Kashmir. Delhi Red Fort Blast: Probe lead link to Faridabad terror moduleWith initial probe making it clear that Monday’s blast in a car near the Red Fort is an act of terror, Amit Shah chaired a high-level meeting attended by the Director of Intelligence Bureau, Union Home Secretary, Delhi Police Commissioner.
- November 11, 2025 10:36Delhi Blast Live Updates: Delhi's Lal Quila metro station closed due to security reasons: DMRCThe Lal Quila metro station remains shut as investigation continues in the wake of the Delhi blast on Monday evening that killed at least eight people and left many injured, Delhi Metro Rail Corporation (DMRC) said on Tuesday.“Lal Qila Metro Station is closed due to security reasons. All other stations are functional as normal,” DMRC posted on X.
- November 11, 2025 10:35Delhi blast live updates: Pulwama doctor was driving car, FIR lodged under UAPAPolice registered an FIR under the Unlawful Activities (Prevention) Act and the Explosives Act under sections which deal with punishment and conspiracy of a terror attack. According to sources, Umar Mohammad, a Pulwama resident and a doctor, was allegedly driving the Hyundai i20 car that was used in the explosion near the parking area of the Red Fort Metro Station. Umar Mohammad was allegedly associated with the Jaish-e-Mohammad terror module, they said.
- November 11, 2025 10:11Delhi Red Fort Explosion Live Updates: First FSL report of Delhi blast expected todayThe first report of the Forensic Science Laboratory (FSL) in the high-intensity explosion near Delhi’s Red Fort area is expected on Tuesday, according to Delhi Police Special Cell sources. The report is likely to provide clarity on the nature and composition of the material recovered. The sources added that the Delhi Police Special Cell has sought information from the Faridabad Crime Branch and Jammu and Kashmir Police regarding the explosives recovered from Faridabad. According to Special Cell sources, initial investigations may have revealed traces of ammonium nitrate. However, the exact nature of the explosive will be confirmed only after the Forensic Science Laboratory (FSL) submits its report.The sources further added that nothing resembling an improvised explosive device (IED) blast was found at the scene. (ANI)
- November 11, 2025 10:08Delhi Red Fort Explosion Live Updates: Amit Shah to chair security review meetingUnion Home Minister Amit Shah will chair a high-level security review meeting on Tuesday following the blast near the Red Fort here that left nine people dead, sources said. The meeting, to be held at 11 AM, will be attended by Union Home Secretary Govind Mohan, Director, Intelligence Bureau, Tapan Deka, Delhi Police Commissioner Satish Golcha and DG, NIA, Sadanand Vasant Date. DGP of Jammu and Kashmir Nalin Prabhat will attend the meeting virtually.
- November 11, 2025 09:43Delhi Red Fort Blast Live Updates: 200 police personnel are involved in reviewing CCTV footagesAccording to Delhi Police, CCTV footage from multiple locations has been meticulously reviewed, including from the Badarpur border to the parking area of the Red Fort’s Sunheri Masjid, as well as from the Outer Ring Road to the Kashmere Gate-Red Fort route. Nearly 200 police personnel were involved in examining footage across various routes.According to the sources, the i20 car, in which the blast had occurred, had entered Delhi from Haryana via Badarpur.
- November 11, 2025 09:36Delhi Red Fort Blast Live Updates: Delhi Police conduct night-long raids in hotels following blast near Red FortThe teams of Delhi Police carried out an extensive night-long search operation across hotels in Paharganj, Daryaganj, and nearby areas. All hotel registers were thoroughly examined during the raids. During the operation, four individuals were taken into custody for questioning. At least eight people were killed and several were injured in the high-intensity explosion outside the Red Fort on Monday evening.
- November 11, 2025 09:25Delhi Red Fort Blast Live: ""Thoughts and prayers with those impacted"": Sri Lanka LoP Premadasa on Delhi blastSri Lanka’s Leader of the Opposition, Sajith Premadasa, expressed his condolences and solidarity with India following the loss of lives and those who were injured in a blast which took place near the iconic Red Fort in the national capital on Monday evening.
- November 11, 2025 09:04Delhi Red Fort Blast LIVE: High alert sounded in Bengaluru after car explosion near Red Fort in Delhi
- November 11, 2025 08:35Delhi Red Fort Blast LIVE: Kashmiri doctor arrested in Faridabad with 360 kg explosives, arms cache seized
- November 11, 2025 08:35Delhi Red Fort Blast LIVE: ‘White collar’ terror network busted: 8 arrested, 2,900 kg explosives seized across 3 states
- November 11, 2025 08:34Delhi Red Fort Blast LIVE: Gujarat ATS busts ISKP-linked terror module; ‘doctor’ held for plotting Ricin attack
- November 11, 2025 08:33Delhi: Eight killed, several injured in blast near Red FortA high-intensity explosion ripped through a car near Delhi’s Red Fort Metro Station on Monday evening, killing at least eight people and injuring twenty-four others. The blast, which occurred during peak evening hours, set several nearby vehicles ablaze and sent shockwaves through the crowded area.
- November 11, 2025 08:32Delhi Red Fort Blast LIVE: Body parts scattered everywhere, sky turned red: Eyewitnesses of blast near Red Fort
- November 11, 2025 08:31Delhi Red Fort Blast LIVE: Delhi Red Fort blast: Car owner held, chain of resale under probe
- November 11, 2025 08:30Delhi Red Fort Blast LIVE: Delhi blast tragedy: Nine dead, 20 injured in car explosion; ammonium nitrate link suspected
Published on November 11, 2025",22216
E002,"Delhi car blast : 9mm cartridges recovered , no weapon found at site",economictimes.indiatimes.com,20251116T043000Z,English,https://economictimes.indiatimes.com/news/india/delhi-car-blast-9mm-cartridges-recovered-no-weapon-found-at-site/articleshow/125359364.cms,"A senior official said that despite the cartridge recovery, no pistol or any of its parts were found at the scene.
""These cartridges are usually only possessed by the armed forces or those with special permission,"" police said.
According to sources, no pistol or any part of it was found at the scene...meaning the cartridges were found, but the weapon used to fire them has not yet been found.
The official said that they are now trying to determine how these cartridges came to be there, whether the suspect possessed them.
9mm cartridges adds a new dimension to the ongoing investigation, as officials probe the source of the ammunition and whether it was linked to any terror or criminal network. Security agencies examined CCTV footage and gathered forensic evidence from the blast site.
The new FIR comes days after the car blast near the historic Red Fort area on November 10 killed 12 people.
Meanwhile, security around the Red Fort has been heightened in the wake of the blast, with authorities maintaining a strict vigil over entry points and surrounding areas.
On Friday, the National Medical Commission (NMC) had cancelled the registration of four doctors from Jammu and Kashmir - Dr Muzaffar Ahmad, Dr Adeel Ahmad Rather, Dr Muzamil Shakeel and Dr Shaheen Saeed - in the Indian Medical Register/National Medical Register with immediate effect, sources told ANI.
All State Medical Councils have been informed about the decision.
An order has been issued to all medical councils regarding the removal of the above four doctors, effective November 14, 2025.
Delhi police have already arrested Dr Adeel Ahmad Rather, Dr Muzamil Shakeel and Dr Shaheen Saeed in connection with the Delhi blast case, as they had an alleged link to past terror cases.
Investigation agencies on Thursday informed that around eight suspects were allegedly preparing to execute coordinated explosions at four locations, with each pair assigned to a specific target city.
Preliminary investigation indicates that the accused groups had intended to move in pairs, each carrying multiple improvised explosive devices (IEDs) for simultaneous attacks.
Delhi Police confirmed that the man who carried out the car blast near Red Fort was Dr Umar Un Nabi, after forensic DNA testing matched his biological sample with that of his mother.
However, Al-Falah University has distanced itself from Dr Umar and Dr Muzammil, stating that the University has no connection with the accused beyond their official capacities, and that no questionable chemical or material is being used or stored on the University premises.
Essential DNA, explosive, and other samples have been collected from the site and sent for forensic examination. The investigation has been handed over to the National Investigation Agency.
Meanwhile, an accidental explosion inside the Nowgam Police Station late Friday night left nine personnel dead and 32 others injured and caused extensive damage to the nearby building.",2965
E002,"Red Fort Blast : 9mm cartridges , used by Army , recovered from explosion site ; no pistol found",dnaindia.com,20251116T054500Z,English,https://www.dnaindia.com/india/report-red-fort-blast-9mm-cartridges-used-by-army-recovered-from-explosion-site-no-pistol-found-3188948,"INDIA
In a major development in the Red Fort car blast case, Delhi Police sources on Sunday confirmed that three cartridges recovered from the site, two live and one empty, were of 9mm calibre, a firearm type prohibited for civilian possession.
In a major development in the Red Fort car blast case, Delhi Police sources on Sunday confirmed that three cartridges recovered from the site, two live and one empty, were of 9mm calibre, a firearm type prohibited for civilian possession. A senior official said that despite the cartridge recovery, no pistol or any of its parts were found at the scene.
""These cartridges are usually only possessed by the armed forces or those with special permission,"" police said. According to sources, no pistol or any part of it was found at the scene...meaning the cartridges were found, but the weapon used to fire them has not yet been found. The official said that they are now trying to determine how these cartridges came to be there, whether the suspect possessed them.
The discovery of the 9mm cartridges adds a new dimension to the ongoing investigation, as officials probe the source of the ammunition and whether it was linked to any terror or criminal network. Security agencies examined CCTV footage and gathered forensic evidence from the blast site. On November 10, the blast near the Red Fort complex in the national capital killed 12 people and injured several others.
A day earlier, Delhi Police registered a fresh FIR under sections of criminal conspiracy in the Red Fort blast investigation, officials said. The new FIR comes days after the car blast near the historic Red Fort area on November 10 killed 12 people.
Meanwhile, security around the Red Fort has been heightened in the wake of the blast, with authorities maintaining a strict vigil over entry points and surrounding areas. On Friday, the National Medical Commission (NMC) had cancelled the registration of four doctors from Jammu and Kashmir - Dr Muzaffar Ahmad, Dr Adeel Ahmad Rather, Dr Muzamil Shakeel and Dr Shaheen Saeed - in the Indian Medical Register/National Medical Register with immediate effect, sources told ANI. All State Medical Councils have been informed about the decision.
An order has been issued to all medical councils regarding the removal of the above four doctors, effective November 14, 2025. Delhi police have already arrested Dr Adeel Ahmad Rather, Dr Muzamil Shakeel and Dr Shaheen Saeed in connection with the Delhi blast case, as they had an alleged link to past terror cases.
Investigation agencies on Thursday informed that around eight suspects were allegedly preparing to execute coordinated explosions at four locations, with each pair assigned to a specific target city. Preliminary investigation indicates that the accused groups had intended to move in pairs, each carrying multiple improvised explosive devices (IEDs) for simultaneous attacks. Delhi Police confirmed that the man who carried out the car blast near Red Fort was Dr Umar Un Nabi, after forensic DNA testing matched his biological sample with that of his mother.
However, Al-Falah University has distanced itself from Dr Umar and Dr Muzammil, stating that the University has no connection with the accused beyond their official capacities, and that no questionable chemical or material is being used or stored on the University premises.
Essential DNA, explosive, and other samples have been collected from the site and sent for forensic examination. The investigation has been handed over to the National Investigation Agency.
Meanwhile, an accidental explosion inside the Nowgam Police Station late Friday night left nine personnel dead and 32 others injured and caused extensive damage to the nearby building.
Except for the headline, the story has not been edited by DNA staff and is published from ANI",3827
E003,Constant burials reported in DR Congo as deaths in new Ebola outbreak reach 80,breakingnews.ie,20260516T133000Z,English,https://www.breakingnews.ie/world/constant-burials-reported-in-dr-congo-as-deaths-in-new-ebola-outbreak-reach-80-1900785.html,"At least 87 deaths have been reported in the Democratic Republic of the Congo’s new Ebola disease outbreak in the eastern Ituri province, authorities said, as health workers raced to intensify screening and contact tracing to contain the disease.
Meanwhile, Associated Press journalists in Ituri’s capital Bunia interviewed local people who recounted their fears and constant burials.
“Every day, people are dying… and this has been going on for about a week. In a single day, we bury two, three, or even more people,” said Jean Marc Asimwe, a resident of Bunia.
“At this point, we don’t really know what kind of disease it is.”
Ebola is highly contagious and can be contracted through bodily fluids such as vomit, blood or semen.
The disease it causes is rare, but severe and often fatal.
Officials first announced the latest outbreak on Friday, with 65 deaths and 246 suspected cases.
By Saturday, the Africa Centres for Disease Control and Prevention reported 336 suspected and 13 confirmed cases.
Four people have died among the confirmed cases.
At an online briefing on Saturday, Africa CDC director-general Dr Jean Kaseya said the first cases were reported in Mongwalu health zone, a high-traffic mining area.
“Cases subsequently migrated to Rwampara and Bunia as patients sought medical care, enabling spread across three health zones,” he said.
A high number of active cases remain within the local community, particularly in Mongwalu, Dr Kaseya said, “significantly complicating containment and contact tracing efforts”.
Insecurity in Ituri, where so-called Islamic State-backed militants carry out rampant deadly attacks, continues to restrict surveillance and rapid response operations, he added.
The #DRC has declared a new #Ebola outbreak in Ituri Province, with 13 cases so far confirmed to be caused by the Bundibugyo species. A total of 67 community deaths suspected to be due to Ebola Bundibugyo have been reported. #Uganda has also reported one Ebola Bundibugyo… pic.twitter.com/SoR45kcGSf
— Tedros Adhanom Ghebreyesus (@DrTedros) May 15, 2026
Of the 87 deaths, 57 are in the Mongwalu health zone, 27 in the Rwampara health zone and three in Bunia, Ituri’s main city.
Congolese health minister Samuel-Roger Kamba said late on Friday that test results confirmed the Bundibugyo virus, a variant of the disease that has been less prominent in past outbreaks.
This is the country’s 17th outbreak since Ebola first emerged in the country in 1976.
The suspected index case in the latest outbreak is a nurse who died at a hospital in Bunia, Mr Kamba said, with the case dating back three weeks to April 24.
He did not say whether samples from the nurse were tested, but said the person presented symptoms suggestive of Ebola.
Uganda confirmed on Friday an Ebola case that authorities said was “imported” from the Democratic Republic of the Congo.
The person died at the Kibuli Muslim Hospital in Uganda’s capital Kampala on May 14.
The Africa CDC had said it is concerned about the risk of further spread due to the proximity of affected areas to Uganda and South Sudan.
The body of the patient who died in Kampala was later taken back to the Democratic Republic of the Congo and no other local case has been confirmed, Uganda’s Health Ministry said.",3261
E003,"New Ebola outbreak is confirmed , with 65 deaths recorded",jamaica-gleaner.com,20260516T063000Z,English,https://jamaica-gleaner.com/article/world-news/20260516/new-ebola-outbreak-confirmed-65-deaths-recorded,"Loading article...
A health worker sprays disinfectant on his colleague after working at an Ebola treatment centre in Beni, eastern Congo, September 9, 2018. AP
KINSHASA (AP):
Africa’s top public health body yesterday confirmed a new Ebola outbreak in Congo’s remote Ituri province, with 246 suspected cases and 65 deaths recorded so far.
Neighbouring Uganda later confirmed one death in an Ebola case it said was imported from Congo.
The deaths and suspected cases have been recorded mainly in the Mongwalu and Rwampara health zones, the Africa Centres for Disease Control and Prevention said in a statement. The agency said 65 deaths have been attributed to the outbreak and that four of those have so far been confirmed in a laboratory.
Ebola is highly contagious and can be contracted through bodily fluids, such as vomit, blood or semen. The disease it causes is rare, but severe and often fatal.
Scientists were trying to determine exactly what virus was driving the current outbreak in Congo. The Ebola virus, also known as the Ebola Zaire strain, has been prominent in Congo’s past outbreaks. Results so far suggest some variant other than the Ebola Zaire strain, with sequencing continuing to give more clarity, the Africa CDC said.
The World Health Organization says the Ebola disease is caused by a group of viruses, and that three of them are known to cause large outbreaks: Ebola virus, Sudan virus and Bundibugyo virus.
Uganda yesterday reported one Ebola case involving a Congolese man admitted to a hospital in Kampala three days before he died. Officials said the case was “imported” from Congo, and that Uganda has not yet confirmed any local cases.
Uganda’s Health Ministry said the patient was tested posthumously on Friday after neighboring Congo confirmed its Ebola outbreak. All contacts linked to the man have been quarantined, the agency said. The deceased’s body has been taken back to Congo.
The ministry said the person was infected with the Bundibugyo virus, a variant of the illness that has been endemic in Uganda.
The World Health Organisation (WHO) said last year that Congo has a stockpile of treatments and some 2,000 doses of the Ervebo Ebola vaccine. The Ervedo vaccine is effective against the Ebola Zaire strain, considered the most severe one, but not against the Sudan virus or Bundibugyo virus, according to health authorities.
Dr Erdos Adhanom Ghebreyesus, WHO director-general, told reporters Friday that the WHO last week sent a team to help Congo investigate the outbreak and collect samples. While initial results did not confirm Ebola, a new analysis on Thursday did, he said.
Congo has “a strong track record in Ebola response and control,” Tedros said, adding that the WHO is releasing US$500,000 to aid Congo’s response.
The latest outbreak comes about five months after Congo’s last Ebola outbreak was declared over after 43 deaths.
Ituri is in a remote eastern part of Congo characterised by poor road networks, more than 1,000 kilometres (620 miles) from the nation’s capital of Kinshasa.
Africa CDC said it is concerned about the risk of further spread due to intense population movement, mining-related mobility in Mongwalu, insecurity in affected areas, gaps in contact listing and control challenges.
The proximity of affected areas to Uganda and South Sudan also raises concerns, it said.
The agency said it was convening an urgent coordination meeting with health authorities from Congo, Uganda and South Sudan, together with key partners including UN agencies and other countries.
The acting head of the US Centers for Disease Control and Prevention, Jay Bhattacharya, said US health officials are in contact with officials in Congo and Uganda and are “going to provide whatever they need and that we are capable of providing them.”
This is the 17th outbreak in Congo since the disease first emerged in the country in 1976. An Ebola outbreak from 2018 to 2020 in eastern Congo killed more than 1,000 people. The WHO said that outbreak was characterised by the main Ebola Zaire strain.
An earlier outbreak that swept across west Africa from 2014 to 2016 also killed more than 11,000 people.
The new outbreak creates more worry for the central African country, which has been battling various armed groups in the east. The second-largest African country in land mass, Congo also faces logistical challenges. During last year’s outbreak, which lasted three months, the WHO initially faced significant challenges in delivering vaccines due to limited access.
Dr Gabriel Nsakala, a professor of public health who has been involved in past Ebola outbreak responses in Congo, said the country and health workers on the ground have a high level of experience, in addition to existing infrastructure such as laboratories.
“In terms of training, people already know what they can do. Now, the expertise and equipment need to be delivered quickly,” Nsakala added.",4913
E003,Rare Ebola strain may have killed 80 : Congo vaccine gap,bostonglobe.com,20260516T101500Z,English,https://www.bostonglobe.com/2026/05/16/world/rare-ebola-strain-may-have-killed-80-amid-congo-vaccine-gap/,"(Bloomberg) -- A rare strain of Ebola with no approved vaccine or treatment may have circulated undetected for weeks in conflict-hit northeastern Democratic Republic of Congo before killing at least 80 people.
Laboratory testing by the National Institute for Biomedical Research in Kinshasa confirmed the outbreak is caused by the Bundibugyo strain, the World Health Organization said Friday. The virus has caused only two previous known outbreaks, in Uganda in 2007 and eastern Congo in 2012.
There have been 80 deaths suspected to be due to the strain, according to the WHO. About 246 potential cases have been reported, mainly in Mongbwalu and Rwampara health zones in Ituri province, near the Ugandan border, with additional possible infections in Bunia, the provincial capital, Africa Centres for Disease Control and Prevention said. Four deaths have been confirmed among laboratory-positive cases.
Ebola is among the world’s deadliest infectious diseases, killing between roughly a quarter and almost 90% of infected people depending on the virus species and the medical care available. The Zaire strain, discovered in 1976 near the Ebola River in what is now Democratic Republic of Congo, caused a devastating West African epidemic a decade ago and has received the most research funding, leading to licensed vaccines and treatments.
“Ebola Zaire is the one that got all the attention, for very good reasons,” said Susan McLellan, director of the biocontainment care unit at the University of Texas Medical Branch, in an interview. The development of medical countermeasures, including monoclonal antibodies and vaccines, is less advanced for Bundibugyo, she said.
Clinicians would likely still consider Gilead Sciences Inc.’s remdesivir for Bundibugyo infections, McLellan said. Laboratory research has suggested the strain may be more susceptible to the antiviral than Ebola Zaire.
Uganda Case
Uganda has also confirmed a Bundibugyo Ebola case in a Congolese patient who traveled across the border for treatment and died in intensive care in Kampala on May 14 after deteriorating with bleeding symptoms. Authorities said the body was transported back to Congo the same evening, highlighting the risk of cross-border transmission through movement of patients and infected remains.
WHO is deploying additional epidemiologists, laboratory specialists and infection-control experts to Ituri while airlifting five metric tons of emergency supplies including testing equipment, protective gear and treatment materials, the agency said.
The outbreak is unfolding in a remote part of eastern Congo more than 1,700 kilometers (1,100 miles) from Kinshasa, where insecurity, poor roads, mining-related population movement and frequent cross-border travel complicate the response.
Mongbwalu sits in one of the nation’s gold-mining regions, where tens of thousands of people move between remote mining camps and nearby trading centers. The region is also affected by armed groups and weak infrastructure, complicating efforts to deliver medical supplies and do disease surveillance and contact tracing.
“To access Mongbwalu isn’t easy,” said Jimmy Munguriek, Congo director for advocacy group Resource Matters. “The road isn’t there.”
The area has only one main hospital, Munguriek said, adding that overcrowded mining settlements and constant movement of workers could accelerate transmission if the outbreak isn’t quickly contained.
The US Embassy in Kinshasa warned American citizens Saturday not to travel to Ituri “for any reason,” underscoring concerns over insecurity and limited medical infrastructure in the region.
Escalation Potential
“These zones are full of people who come from everywhere to work in artisanal mining,” Munguriek said. Armed groups active in the area and distrust of health authorities could also hamper containment efforts, he said. “There’s a big risk things will get much worse.”
The scale of the outbreak suggests the virus may have circulated undetected for weeks before being identified. WHO said it first received signals of a suspected outbreak on May 5 and deployed a team to support investigations. Initial tests for the more common Zaire strain were negative, with additional testing later confirming Bundibugyo on May 14.
Congo’s Health Ministry said the presumed first case was a nurse who died at the Evangelical Medical Center in Bunia and dates back to April 24.
“These didn’t all happen in the last week,” McLellan said of the suspected infections. “This has been going on for a while.”
Patients have presented with fever, weakness, vomiting and, in some cases, bleeding, according to WHO, which said several cases rapidly deteriorated and died.
Bodily Fluids
Ebola spreads through direct contact with bodily fluids from infected people or contaminated materials. Transmission risks can rise sharply in settings where people lack reliable access to running water and sanitation, said McLellan, who worked in West Africa during the 2013-2016 Ebola epidemic.
“It takes a very small amount of material,” she said, describing how bodily fluids can remain on skin or surfaces when hand-washing and sanitation are limited.
Even so, experts stressed that Ebola doesn’t spread easily through casual contact and that the risk outside the region remains low.
“There is no documented sustained spread of Ebola outside Africa,” researchers from Imperial College London said in an analysis published Friday, noting that exported cases during the West African epidemic were rare and mostly involved health-care workers.
Congo has extensive experience responding to Ebola outbreaks after battling more than a dozen epidemics over 50 years. The country’s last outbreak, declared over in December, was contained within weeks. Congo’s government said it is deploying rapid-response teams and urged residents to avoid contact with sick people, infected animals and bodily fluids, while thoroughly cooking meat, particularly bush meat.
The outbreak comes as some global health experts warn that cuts to US foreign aid and public health programs could weaken disease surveillance and emergency response capacity in fragile regions. A study published in Science Thursday found the abrupt withdrawal of USAID funding was associated with increased conflict in heavily aid-dependent parts of Africa.
The US Centers for Disease Control and Prevention is “closely monitoring” the outbreak and providing technical support through offices in Congo and Uganda, Acting Director Jay Bhattacharya said Friday.
“We are absolutely involved,” Bhattacharya told reporters Friday. “If we have a safe world, if we can address these needs like the Ebola outbreak, we will also have a safer America.”
--With assistance from Annika Inampudi.",6742
E003,DRC health minister warns  very high  Ebola lethality rate as toll hits 80 | Ebola News,aljazeera.com,20260516T200000Z,English,https://www.aljazeera.com/news/2026/5/16/drc-health-minister-warns-very-high-ebola-lethality-rate-as-toll-hits-80,"At least 80 deaths have been reported in the Democratic Republic of the Congo’s (DRC) new Ebola disease outbreak, authorities said, as health workers race to intensify screening and contact tracing to contain the disease.
Nearly 250 suspected cases of the highly contagious haemorrhagic fever have been recorded in eastern DRC, according to the health ministry, with one death also reported in neighbouring Uganda. This has raised concerns that the disease could spread to neighbouring countries.
Recommended Stories
list of 3 items
- list 1 of 3The class politics of modern outbreaks
- list 2 of 3Virus hunters: The scientists tracking deadly diseases in tough conditions
- list 3 of 3Health officials raise alarm over new Ebola outbreak in DR Congo
“The Bundibugyo strain has no vaccine, no specific treatment,” DRC’s Health Minister Samuel-Roger Kamba said on Saturday.
“This strain has a very high lethality rate, which can reach 50 percent.”
The outbreak, the country’s seventeenth, was confirmed on Friday in the northeastern province of Ituri, which borders Uganda and South Sudan. At the time, 65 suspected deaths had been confirmed; the toll was raised to 80 on Saturday.
According to Kamba, the suspected patient zero was a nurse who reported to a health facility in the provincial capital, Bunia, on April 24, with symptoms suggesting Ebola.
The disease has so far been confirmed in three health zones in Ituri, including Bunia, and the areas of Rwampara and Mongwalu, where the outbreak is concentrated.
Only 13 blood samples have been tested at the National Institute of Biomedical Research; eight tested positive for the Bundibugyo strain. The remaining five could not be analysed due to insufficient sample volume, the health minister said.
‘Extremely concerning’
The Africa Centres for Disease Control and Prevention (Africa CDC) has raised concerns that the outbreak could spread rapidly, citing several factors, including the high population density of towns in Ituri and the close proximity of the affected areas to Uganda and South Sudan.
The agency also warned of the high volume of cross-border travel to and from the affected region, as well as the logistical challenges of containing the further spread of Ebola.
Medical aid groups, including Doctors Without Borders, known by its French acronym MSF, and the International Federation of Red Cross and Red Crescent Societies (IFRC), are responding to the outbreak.
“The number of cases and deaths we are seeing in such a short timeframe, combined with the spread across several health zones and now across the border, is extremely concerning,” said Trish Newport, MSF emergency programme manager.
Jagan Chapagain, secretary-general of the IFRC, said, “The evolving epidemiological situation, and the risk of cross‑border spread, underscore the need for timely, coordinated and sustained action. Engaging with communities and building trust is essential to ensure people seek care early and help stop the epidemic in its tracks.”
Ebola was first identified in 1976. Three strains of the disease are responsible for the majority of outbreaks in Africa, although a vaccine exists only for the Zaire strain.
Without treatment, up to 90 percent of cases can be fatal.
The Bundibugyo strain, which is responsible for the current outbreak, was not identified until 2006.
Tens of thousands of people in Africa have contracted Ebola since it was first identified 50 years ago, while about 15,000 people have died.",3477
E003,Congolese report constant burials as deaths in new Ebola outbreak reach 80,bostonglobe.com,20260516T220000Z,English,https://www.bostonglobe.com/2026/05/16/world/congolese-report-constant-burials-deaths-new-ebola-outbreak-reach-80/,"BUNIA, Congo (AP) — At least 80 deaths have been reported in Congo’s new Ebola disease outbreak in the eastern Ituri province, authorities said, as health workers raced Saturday to intensify screening and contact tracing to contain the disease. Officials first announced the outbreak on Friday, with 65 deaths and 246 suspected cases.
Meanwhile, Associated Press journalists in Ituri’s capital, Bunia, interviewed locals who recounted their fears and constant burials.
“Every day, people are dying ... and this has been going on for about a week. In a single day, we bury two, three, or even more people,” said Jean Marc Asimwe, a resident of Bunia. “At this point, we don’t really know what kind of disease it is,” said Asimwe.
Congolese Health Minister Samuel-Roger Kamba said late Friday that there have been eight laboratory-confirmed cases, among them four deaths.
Test results confirmed the Bundibugyo virus, a variant of the disease that has been less prominent in Congo’s past outbreaks. This is Congo’s 17th outbreak since Ebola first emerged in the country in 1976.
Ebola is highly contagious and can be contracted through bodily fluids such as vomit, blood, or semen. The disease it causes is rare, but severe and often fatal.
The suspected index case in the latest outbreak is a nurse who died at a hospital in Bunia, Kamba said. He said the case dates back three weeks to April 24.
He did not say whether samples from the nurse were tested, but said the person presented symptoms suggestive of Ebola.
Uganda confirmed Friday an Ebola case that authorities said was “imported” from Congo. The person died at the Kibuli Muslim Hospital in Uganda’s capital, Kampala, on May 14.
The Africa Centres for Disease Control and Prevention had said it is concerned about the risk of further spread due to the proximity of affected areas to Uganda and South Sudan.
The body of the patient who died in Kampala was later taken back to Congo and no other local case has been confirmed, Uganda’s Health Ministry said.
On Saturday, people were being screened at the entrance of the Kibuli Muslim Hospital.
Ismail Kigongo, who resides in Kampala, said the new outbreak reminded him of his father, whom he lost during the COVID-19 pandemic. “I really get scared because I remember burying my father without looking at his body,” he said.
Kenya, Uganda’s neighbor, said Saturday that there is only a “moderate risk of importation” of the Ebola virus due to regional travel. Kenya’s government said it has formed an Ebola preparedness team and has strengthened surveillance at all points of entry.
Congo has experience managing Ebola outbreaks but often faces logistical challenges in delivering expertise and supplies to affected regions.
As Africa’s second-largest country by land area, Congo’s provinces are far from one another and mostly battling conflict. Ituri, for instance, is around 1,000 kilometers (620 miles) from the nation’s capital, Kinshasa, and is ravaged by violence from Islamic State-backed militants.
The disease has so far been confirmed in three health zones in Ituri province, including the capital city, Bunia, and the areas of Rwampara and Mongwalu, where the outbreak is concentrated.
Only 13 blood samples have been tested at the National Institute of Biomedical Research; 8 tested positive for the Bundibugyo strain. The remaining five could not be analyzed due to insufficient sample volume, the health minister said.
In Bunia, Ituri’s main city, businesses and regular activities in public places appeared normal on Friday.
Resident Adeline Awekonimungu said she hopes the outbreak is quickly contained. “My recommendation is that the government take this matter seriously and that it takes charge of the hospitals so that this matter can be brought under control,” she said.",3799
E005,IN PHOTOS : The aftermath of the magnitude 6 . 9 earthquake in Cebu,rappler.com,20251002T074500Z,English,https://www.rappler.com/philippines/visayas/photos-aftermath-cebu-earthquake-october-2025/,"AT A GLANCE
- A magnitude 6.9 earthquake struck off the coast of Bogo City, Cebu, on September 30, causing significant damage and displacing thousands.
- The National Disaster Risk Reduction and Management Council reported at least 597 damaged houses, 87 damaged infrastructures, 72 fatalities, and 294 injuries.
- Bogo City was placed under a state of calamity to facilitate response and relief efforts, as many victims sought shelter in open spaces due to ongoing aftershocks.
MANILA, Philippines — A few seconds before 10 pm on Tuesday, September 30, a magnitude 6.9 earthquake struck off the coast of Bogo City in Cebu.
The strong tremor caused widespread damage to homes, churches, public buildings, roads, and ports in northern Cebu. Displaced families took shelter in front of their houses and in open spaces as aftershocks continued.
The National Disaster Risk Reduction and Management Council recorded at least 597 damaged houses and 87 damaged infrastructure. The agency also reported on Thursday morning, October 2, that the death toll has risen to 72, while 294 were injured and at least 20,000 were displaced.
Most of the victims were from Bogo City, which was nearest to the quake’s epicenter. Body bags lined on the street and hundreds were being treated in tent hospitals. The government placed the city and surrounding municipalities under a state of calamity to facilitate response and relief efforts.
Casualties lay on the ground the outside the Cebu Provincial Hospital in Bogo City. PHOTOS BY JACQUELINE HERNANDEZ/RAPPLER
Survivors grieve as they wait for updates outside the Cebu Provincial Hospital. PHOTOS BY JACQUELINE HERNANDEZ/RAPPLER
Rescue workers conduct rescue operation at a collapsed building. REUTERS PHOTO
Quake victims received first aid from responders at a tent hospital. PHOTOS BY JACQUELINE HERNANDEZ/RAPPLER
Health workers, along with relatives of the deceased, transport their dead after verification. PHOTOS BY JACQUELINE HERNANDEZ/RAPPLER
Many business establishments were destroyed by the powerful tremor. PHOTOS BY JACQUELINE HERNANDEZ/RAPPLER
Thousands spent the night on the streets amid repeated aftershocks. PHOTOS BY JACQUELINE HERNANDEZ/RAPPLER
Diesel generators power electric outlets to help survivors with their communication. PHOTO BY JACQUELINE HERNANDEZ/RAPPLER
Cracked roads, landslides, and fallen electric poles make access difficult for emergency services. PHOTOS BY JACQUELINE HERNANDEZ/RAPPLER
–Rappler.com
How does this make you feel?",2499
E005,4 earthquakes caused by unknown faults in past decade : A cause for concern,rappler.com,20251006T043000Z,English,https://www.rappler.com/science/earth-space/four-earthquakes-unknown-faults-cause-for-concern/,"AT A GLANCE
- The Philippines has experienced a high frequency of devastating earthquakes, with 13 significant tremors occurring since 2012, including a magnitude 6.9 earthquake in Cebu on September 30, 2025.
- Many of these earthquakes have been caused by previously unidentified active faults, raising concerns about the country's vulnerability to such natural disasters.
- The recent Cebu earthquake, combined with the effects of Severe Tropical Storm Bualoi, resulted in cascading hazards, including landslides and significant infrastructure damage, particularly in affected areas like the Calubian Peninsula and Bogo City.
Since the magnitude 6.9 earthquake of Negros Oriental in 2012, the Philippines has been struck by 13 more devastating earthquakes until the magnitude 6.9 Cebu tremor of September 30, 2025. This gives a high-frequency average occurrence of a little over one (1.07) devastating earthquake every year.
Even more concerning is the high rate of damaging earthquakes caused by unknown faults. In a span of only 13 years, the one that struck northern Cebu is at least the fourth time that the country has been hit by a powerful earthquake generated by a previously unidentified active fault.
Prior to Cebu, places devastated by powerful earthquakes generated by previously unknown faults include Negros Oriental on February 6, 2012; Bohol on October 15, 2013; and Zambales on April 22, 2019.
Being both earthquake-prone and frequently visited by typhoons/tropical storms, the Philippines is vulnerable to enhanced disasters that result in the combination or succession of such natural phenomena.
Cascading hazards: Typhoon-earthquake combination
The central Philippines was traversed by Severe Tropical Storm Bualoi (local name: Opong) on September 25, 2025. The eye of the storm first made landfall in southern Bicol region, then proceeded westerly to south of Batangas, via the islands of Masbate, Marinduque, then Mindoro before exiting towards the West Philippine Sea.
The rain diameter of Opong spanned more than 500 km, allowing heavy rains in areas as far south as northern Leyte and northern Cebu. Five days later, on the night of September 30, these areas were struck by the magnitude 6.9 Cebu earthquake. (READ: Cebu is not known to be as quake-prone — until the September 30 earthquake)
The combined effects of Opong and the Cebu earthquake made things worse in the affected areas. In the Calubian Peninsula on the northwest section of Leyte Island, landslides induced by Opong were further aggravated by intense ground shaking induced by the Cebu earthquake.
In the village of Catmon of the municipality of Tabango, Leyte, heavy rains due to Opong initiated ground failure, causing a section of the national highway to be displaced both horizontally and vertically by 30 centimeters (about a foot) both ways (see photo below). Five days later, the September 30 Cebu earthquake caused the ground to shake in the same village, inducing the ground to slide further to about half a meter down.
The movement of the ground in Catmon village appears to be due to a massive landslide rupturing not only the national road, but also inflicting damage to residential houses such as displaced flooring, collapsed walls and ruptured beams. Affected residents have been advised to evacuate, while more detailed studies to map the extent of the landslide are undertaken.
When a disaster, like the Catmon landslide, is induced by one phenomenon (heavy rains due to a typhoon) and aggravated by another (intense ground shaking due to an earthquake), cascading hazards are identified.
In the study of such complex events, focus is given to the links and relationships between and among several phenomena involving an event triggering another in a sequence, leading to amplified and more widespread negative impacts on life, property and the environment as a whole.
Ground zero
Still more than 10 kilometers out approaching ground zero, the national highway is lined with earthquake victims in clusters, begging for assistance mostly in the form of food and shelter donations. Affected residents stay the night in tents pitched beside their damaged residences for fear of collapsing as aftershocks, some with still relatively strong magnitudes.
Further back along the highway, vehicular traffic both ways are at a snail’s pace, sometimes even at a standstill. Traffic is slowed down by heavy volume of vehicles of volunteers, civil society, military and government agencies, bringing relief assistance to ground zero. Travel time from Cebu City to Bogo City takes between 10 to 12 hours, what can easily be taken in less than three hours in normal times.
At ground zero in Bogo City, traffic loosens a bit, but infrastructure damage becomes more visibly intense. Among the worst hit are two recently constructed fast food establishments in the middle of the city. Damage in one establishment includes collapsed columns, detached beams, shattered glasses, the entire structure tilting on its side. Buildings surrounding it are notably only slightly damaged.
After the September 30 Cebu earthquake struck, researchers of the Structural Geology and Tectonics (SGT) Laboratory of the UP National Institute of Geological Sciences (UP NIGS) immediately started processing earthquake data gathered from global seismological observatories with the aim of identifying the fault that generated the tremor.
Identifying the culprit fault
Early results of analysis indicated that, based on the location of the main shock, the focal mechanism of the candidate faults and the epicentral distribution of aftershocks, the culprit fault originated offshore, slipping in a right-lateral manner and was following a northeast-directed orientation.
This northeast direction was not consistent with any faults mapped onland in northern Cebu as they appeared on official active fault maps. On October 3, three days after the quake, the Philippine Institute of Volcanology and Seismology (Phivolcs) announced that its scientists on the ground have found the inland trace of the earthquake-generating fault, which the agency eventually named the Bogo Bay Fault. The orientation and mechanism of this newly identified active fault in northern Cebu are consistent with the orientation and mechanism initially interpreted by UP SGT NIGS researchers.
The identification of the Bogo Bay Fault’s inland trace is an important breakthrough as it will enhance community earthquake disaster resilience by constraining permanent habitation and human activity away from it, for one.
However, the total possible length/extent of the fault has not been completely accounted for. Empirical equations relating magnitude and fault length suggest that a magnitude 6.9 earthquake can rupture more than 50 kilometers of a fault.
As of the October 3 posting by Phivolcs, only about 1.5 kilometers of the fault’s inland trace have been identified. Scientists should thus now focus on continuing to trace the full extent of the fault both inland and offshore. – Rappler.com
(The author led the geology group of the UP Quick Response Team to Leyte and Cebu, assisted by geologists of UP NIGS, the UP Resilience Institute, and the Mines and Geosciences Bureau offices of Regions 7 and 8. Logistical support was provided by the 3rd congressional district of Leyte. Part of the field investigations in Leyte was facilitated by the district office of the Department of Public Works and Highways. In Cebu, the UP QRT was assisted by UP Visayas.)
(Mario A. Aurelio, PhD is a professor at the National Institute of Geological Sciences-University of the Philippines who includes earthquake studies among his research interests. He is the recipient of the 2025 Distinguished Alumni Award for Environmental Conservation in Geoscience Education, given by the University of the Philippines Alumni Association.)
How does this make you feel?",7891
E005,Death care company praised for offering free services to Cebuanos after earthquake,interaksyon.philstar.com,20251003T120000Z,English,https://interaksyon.philstar.com/trends-spotlights/2025/10/03/303003/death-care-company-praised-free-services-cebuanos-earthquake/,"A death care company has been lauded for offering free funeral services to those who lost their lives in the deadly magnitude 6.9 earthquake that struck Cebu on September 30.
Reddit users on Thursday, October 2, praised St. Peter Life Plans and Chapels for extending free services to the victims of the tremor, which claimed at least 72 lives and displaced thousands.
READ: Death toll from Cebu quake rises to 72 | Cebu quake leaves thousands displaced amid aftershocks | Philippines ends quake rescue efforts, priority now on helping the 20,000 displaced
“Our deepest sympathies and prayers go out to all our Kababayans in Cebu affected by the devastating earthquake. St. Peter Life Plan and Chapels stands in unwavering solidarity with you during this difficult time,” it said in a statement.
“St. Peter Chapels will provide free funeral services for those who lost their lives and extend support to their grieving families affected by the Cebu earthquake,” the death care company added.
The company stated that the following branches will be providing free funeral services: St. Peter Chapels – Bantayan, St. Peter Chapels – Bogo, Pandan and St. Peter Chapels – Danao.
Families in need of assistance may contact St. Peter’s Customer Support at (02) 8371 9999, (02) 7946 9999, or 0919-056-9999.
The initiative was noticed by a Reddit user, who posted about it in the “r/Philippines” community.
“Wow, sobrang bait naman ng St. Peter,” the uploader wrote.
“Saludo!” another Redditor exclaimed.
“Wow!!! God bless [you] more,” a different Reddit user commented.
“In this time of need. Thank you! But I pray na wala ng instances na ganito. Ang sakit sa puso,” another said.
The lives of Cebuanos were upended by the powerful magnitude 6.9 earthquake that struck off the coast of Bogo City earlier this week.
The tremor, felt at varying intensities across the region, damaged multiple structures, including a century-old church, and triggered power outages in parts of the central Philippines.
READ: Cebu earthquake jolts homes as family huddle together for safety | Watch: Magnitude 6.9 quake damages church in Bantayan as tremors cause widespread damage | NHCP offers guidance in protecting historic objects after magnitude 6.9 quake in Cebu
Some residents still report feeling dizzying sensations days after the strong tremor.
The Cebu Chapter of the Philippine Mental Health Association (PMHA) is facilitating free psychosocial support to Cebuanos to help them process their emotions and experiences following the disaster.
ALSO READ: Free psychosocial support offered to those affected by deadly Cebu earthquake",2612
E005,Kim Chiu takes break from taping to buy materials for fellow Cebuano quake victims,philstar.com,20251002T113000Z,English,https://www.philstar.com/entertainment/2025/10/02/2477006/kim-chiu-takes-break-taping-buy-materials-fellow-cebuano-quake-victims,"Kim Chiu takes break from taping to buy materials for fellow Cebuano quake victims
MANILA, Philippines — Cebuana actress Kim Chiu was spotted shopping for construction materials for her fellow Cebuanos who were affected by the magnitude 6.9 earthquake in Cebu.
Kim was seen personally buying construction materials at a hardware store, as shown on her official Facebook page, to support relief efforts for victims of the deadly earthquake in Cebu.
The materials will be donated to residents in San Remigio and Bogo City, the latter being the quake’s epicenter.
The powerful tremor struck on the night of September 30, leaving 72 people dead and damaging infrastructure, including homes and heritage churches. As of October 2, aftershocks continue to be felt across affected areas.
RELATED: Century-old church, other heritage structures ruined due to Cebu earthquake
- Latest
- Trending",885
E005,Death toll in strong Cebu earthquake rises to 72,rappler.com,20251002T074500Z,English,https://www.rappler.com/philippines/visayas/death-toll-cebu-earthquake-october-2-2025/,"AT A GLANCE
- A magnitude 6.9 earthquake in Bogo City, Cebu resulted in at least 72 fatalities and 294 injuries, with over 20,000 people displaced.
- The earthquake caused significant damage, including 597 destroyed houses and 87 damaged infrastructures, leading to a state of calamity in Cebu.
- President Ferdinand Marcos Jr. visited affected areas, while many locals faced shortages of basic utilities and water supply following the disaster.
MANILA, Philippines – At least 72 people were killed in a deadly magnitude 6.9 earthquake that hit Bogo City, Cebu, according to the National Disaster Risk Reduction and Management Council (NDRRMC)’s latest report as of Thursday, October 2.
NDRRMC’s latest figures showed 294 people were injured, at least 20,000 were displaced, and more than 170,000 people have been affected. No missing persons were recorded.
The council also counted 597 damaged houses and 87 damaged infrastructure. The province of Cebu has been under a state of calamity since Wednesday, October 1. (LIVE UPDATES: Magnitude 6.9 Cebu earthquake)
During his visit in Bogo City on Thursday, October 2, President Ferdinand Marcos Jr. went to the housing site for Super Typhoon Yolanda (Haiyan) survivors and the city hall, and talked to relatives of those who died in the September 30 earthquake.
Less than 48 hours after the powerful earthquake, many locals, especially in northern Cebu, have to contend with scant basic utilities. One plant in the province remains in forced outage, with 169 megawatts unavailable from the grid. Meanwhile, some residents in Tabuelan and San Remigio are in need of water supply. – Rappler.com
How does this make you feel?",1670
E005,Pope Leo extends sympathies to Cebu earthquake victims,philstar.com,20251002T113000Z,English,https://www.philstar.com/headlines/2025/10/02/2477009/pope-leo-extends-sympathies-cebu-earthquake-victims,"Pope Leo extends sympathies to Cebu earthquake victims
MANILA, Philippines — Pope Leo XIV has expressed sympathy for the victims of the Cebu earthquake, relayed through the Apostolic Nuncio following the magnitude 6.9 tremor that claimed dozens of lives.
“The Apostolic Nuncio to the Philippines, Archbishop Charles John Brown, called me to convey the Holy Father's heartfelt sympathies for all the survivors of the earthquake, and his prayers for the eternal repose of the victims,” newly-installed Cebu Archbishop Alberto Uy said in a Facebook post.
The magnitude 6.9 earthquake struck at 9:59 p.m. on Monday, September 30, with the epicenter located five kilometers deep and about 21 kilometers northeast of Bogo City, Cebu.
In response, Uy on Tuesday, October 1, ordered a structural assessment of all churches and rectories in the affected areas.
He also instructed parishes in the northern part of Cebu that were severely affected by the seismic activity to refrain from using their church buildings until safety assessments are completed.
As of writing, the death toll has risen to 72.
The Philippine Institute of Volcanology and Seismology (Phivolcs) has recorded at least 3,036 aftershocks following the initial tremor.
- Latest
- Trending",1248
E005,Ready to help : Foreign governments condole with Cebu earthquake victims,rappler.com,20251002T121500Z,English,https://www.rappler.com/philippines/visayas/foreign-governments-condolences-help-cebu-earthquake/,"MANILA, Philippines – Several foreign governments expressed their sympathies and condolences to the victims of the 6.9-magnitude earthquake that struck Bogo City, Cebu late night of Tuesday, September 30.
Felt in Cebu and nearby provinces, the earthquake caused significant damage, destroying several buildings and infrastructure. Search, rescue, and retrieval operations are ongoing, with 72 confirmed dead as of Thursday, October 2.
Several organizations within and outside Cebu are leading donation drives and volunteer efforts to provide immediate relief to affected communities.
The United States embassy in Manila said it is ready to support the Philippine government’s disaster response.
The Canadian embassy also said it is ready “to coordinate closely with Philippine government agencies, humanitarian partners, and the international community to help meet urgent needs.”
The Australian embassy offered prayers for the victims.
In a statement on Wednesday, October 1, Japan’s Minister for Foreign Affairs Iwaya Takeshi also expressed sympathy to the victims.
“I am deeply saddened to learn the news that precious lives were lost, and serious damages were brought by the earthquake that struck the central Philippines. I would like to extend my heartfelt condolences to the victims and express my sympathy to their families. I sincerely pray for the speedy recovery of the affected people as well as the prompt restoration on the affected areas,” he said.
For live updates in the aftermath of the Cebu earthquake, follow Rappler’s coverage here. – Rappler.com
How does this make you feel?",1596
E005,Marcos orders  tent city  for Cebu quake victims,philstar.com,20251002T113000Z,English,https://www.philstar.com/headlines/2025/10/02/2477014/marcos-orders-tent-city-cebu-quake-victims,"Marcos orders 'tent city' for Cebu quake victims
MANILA, Philippines — President Ferdinand Marcos Jr. on Thursday ordered the creation of a “tent city” that would serve as temporary shelter for citizens affected by the fatal 6.9 earthquake that struck the province.
Marcos visited Bogo City in Cebu, one of the worst hit areas in the province. During his visit to the province, Marcos viewed damaged buildings and observed aid distribution efforts.
Speaking to the media, Marcos said the earthquake has made it dangerous to stay indoors, even in evacuation centers.
“Kukuha tayo ng mga tent na malalaki at itatayo natin, kagaya ng sinabi ko sa ating mga LGU (local government units) executives, ito 'yung mga tent ng Red Cross na ginamit noong COVID. At ito ay mabilis itayo at kahit umulan hindi problema. Kaya 'yun ang dadalhin namin dito sa ngayon,” Marcos said.
(We will get large tents and we will set them up, like what I told the LGU executives, these are the tents that were used during COVID. These are quick to set up and even if it rains, there is no problem. This is what we will bring here.)
There will be adequate food and water supplies, as well as energy, he vowed.
Funds allocated. A total of P375 million has been benchmarked for the rehabilitation efforts in Cebu, according to the Department of Budget and Management.
Around P150 million of this will be released through the Local Government Support Fund, while P75 million is allocated for Bogo City specifically.
The Cebu earthquake has killed at least 72 people, with hundreds more injured and displaced. The entire province has been placed under a state of calamity.
- Latest
- Trending",1660
E005,"Singapore expresses condolences over Philippine quake , stands ready to provide assistance",channelnewsasia.com,20251002T110000Z,English,https://www.channelnewsasia.com/singapore/singapore-condolences-philippines-earthquake-ready-assistance-lawrence-wong-mfa-5381746,"SINGAPORE: Singapore Prime Minister Lawrence Wong wrote to Philippine President Ferdinand Marcos Jr on Thursday (Oct 2) to express the country's condolences following the magnitude-6.9 earthquake in the Philippines.
""I am deeply saddened to learn about the loss of lives and the widespread damage caused by the earthquake that struck northern Cebu on Sep 30, 2025,"" said Mr Wong in the letter released by the Ministry of Foreign Affairs (MFA).
""On behalf of the government of Singapore, I extend my heartfelt condolences to the families of the victims, and my sincere wishes for the speedy recovery of those who were injured.
""Our thoughts are with the Philippines and its people during this difficult time,"" said Mr Wong, who is also the finance minister.
He added that Singapore stands ready, as a fellow ASEAN member state and close friend of the Philippines, to assist with ongoing relief and recovery efforts.
The Cebu earthquake was the country's deadliest since at least 2013. As of Thursday afternoon, the death toll stood at 72.
The MFA said it is closely monitoring the situation in the Philippines and has reached out to e-registered Singaporeans in the affected area to offer any necessary consular assistance.
It added that there are currently no reports of Singaporeans injured as a result of the earthquake.
""In view of possible aftershocks, Singaporeans in the affected area are advised to remain vigilant, take all necessary precautions for their personal safety, and heed the instructions of the local authorities,"" said the ministry.
It strongly encouraged Singaporeans who are in or travelling to the Philippines to e-register with MFA and to buy comprehensive travel insurance.
Singaporeans in the Philippines who need consular assistance can contact the Singapore Embassy in Manila or call the MFA Duty Office's 24-hour hotline at either 6379 8800 or 6379 8855.",1883
E005,Death toll rises to 27 after powerful quake hits central Philippines,interaksyon.philstar.com,20251001T020000Z,English,https://interaksyon.philstar.com/politics-issues/2025/10/01/302880/death-toll-rises-to-27-after-powerful-quake-hits-central-philippines/,"- Officials warn death toll may rise as rescuers access collapsed buildings
- San Remigio declared state of calamity, appeals for aid
- No tsunami threat, but strong aftershocks recorded
MANILA — The death toll from a powerful 6.9-magnitude earthquake in the central Philippines has risen to 27 with more than 140 people injured, and officials on Wednesday warned the numbers could climb further as rescuers access collapsed buildings.
The earthquake struck off the coast of Bogo City in Cebu province in the central Visayas region just before 10 p.m. (1400 GMT) on Tuesday, causing power outages and bringing down buildings, including a church that was more than 100 years old.
READ: Cebu earthquake jolts homes as family huddle together for safety | Watch: Magnitude 6.9 quake damages church in Bantayan as tremors cause widespread damage
Cebu province, one of the Philippines’ most popular tourist destinations, is home to 3.4 million people. Mactan-Cebu International Airport, the country’s second busiest gateway, remained operational.
The quake struck hardest in northern Cebu, including San Remigio, which was placed under a state of calamity to facilitate response and relief efforts.
Alfie Reynes, vice mayor of San Remigio, appealed for food and water for evacuees, as well as heavy equipment to aid search and rescue workers.
“It is raining heavily and there is no electricity so we really need help, especially in the northern part because there’s a scarcity of water after supply lines were damaged by the earthquake,” Reynes told DZMM radio.
In the neighbouring city of Bogo, near the epicenter of the quake, hospital patients were evacuated and strong aftershocks forced many residents to stay in evacuation centres and out on the streets.
Earthquake monitoring agencies put the quake’s depth at around 10 km (6.2 miles) and recorded multiple aftershocks, the strongest having a magnitude of 6. There was no tsunami threat following the quake.
The Philippines lies in the Pacific “Ring of Fire,” where volcanic activity and earthquakes are common. The country had two major earthquakes in January, with no casualties reported. In 2023, a 6.7 magnitude offshore earthquake killed eight people.
—Reporting by Gursimran Kaur, Mikhail Flores and Karen Lema, additional reporting by Surbhi Misra; Editing by Alistair Bell, Stephen Coates, Richard Chang and John Mair",2376
E005,Miss Asia Pacific Intl 2025 candidates safe after 6 . 9 earthquake in Cebu,philstar.com,20251001T063000Z,English,https://www.philstar.com/lifestyle/fashion-and-beauty/2025/10/01/2476727/miss-asia-pacific-intl-2025-candidates-safe-after-69-earthquake-cebu,"Miss Asia Pacific Int'l 2025 candidates safe after 6.9 earthquake in Cebu
MANILA, Philippines — The Miss Asia Pacific International 2025 candidates were in the Queen City of the South, Cebu City, for one of its pocket events when a deadly earthquake struck at about 9 p.m, Tuesday, September 30.
All 43 candidates, including Philippine bet Anita Rose Gomez, and the current titleholder, Janelis Leyba of the United States, are safe.
The organization released a statement shortly afterwards:
“Following the 6.7 magnitude earthquake in Cebu, we would like to assure everyone that all Miss Asia Pacific International 2025 candidates and the MAPI Organization team are safe and well.
“We extend our deepest gratitude to Radisson Blu Cebu for their swift and professional response in implementing safety measures during the tremor.
“Our thoughts and prayers remain with the people of Cebu and all those affected by this incident.”
The evening’s festivity was a charity event of the organization with Operation Smile as beneficiary.
“It’s a project of [Cebu philanthropist] Dame Mariquita Yeung. There was a presentation of candidates dressed by different Cebuano designers in Terno,” said Philip Rodriguez, Cebu’s pillar of fashion design.
His creation, worn by Miss Belgium Jana Jansens, was a fuchsia Thai silk gown with oriental yellow chrysanthemums embroidery on the side, highlighted with a peplum that fell into a train in origami style.
It was awarded Best in Terno by haute couturier Cary Santiago.
“I just gave the award for Best in Terno when the earthquake happened,” Santiago recalled. “People were running scared, bulbs from the chandelier fell and a part of the ballroom ceiling collapsed.”
The activities of the pageant scheduled today, October 1, are canceled.
Based in the Philippines, Miss Asia Pacific International is “a pedestal for women who want to be the voice of celebrating beauty and harmony in diversity. May it be in the form of culture, race, belief, or opinion, we believe that all women are distinctly beautiful and one of a kind.”
The preliminary competition will be on October 3 at Lanson Place Mall of Asia Mall of Asia Complex, Pasay City, Philippines. The grand coronation night will be on October 7 at the Newport Performing Arts Theater, Pasay City.
RELATED: Century-old church, other heritage structures ruined due to Cebu earthquake",2369
E005,What we know so far about the fault that caused the Cebu earthquake,rappler.com,20251002T110000Z,English,https://www.rappler.com/philippines/visayas/what-we-know-so-far-fault-caused-cebu-earthquake-september-2025/,"AT A GLANCE
- The magnitude 6.9 earthquake near Bogo City, Cebu, originated from an unmapped offshore fault that has not been previously identified in seismic databases.
- Phivolcs is currently studying the fault's structure, as it has not produced significant earthquakes in the last 400 years, making it difficult to trace.
- The earthquake's shallow epicenter and lateral movement suggest it may be a strike-slip fault, potentially linked to accumulated stresses from previous seismic activity in the region.
MANILA, Philippines – The fault behind the magnitude 6.9 Cebu earthquake has been found, and the Philippine Institute of Volcanology and Seismology (Phivolcs) has named it the Bogo Bay Fault.
Phivolcs had previously said in an October 1 press conference that an underwater fault off the shore of Bogo City, Cebu, triggered the strong tremor. At that point, the fault did not even have a formal name yet.
Just two days later, Phivolcs’ quick response team found an onland part of the fault in Sitio Looc, Barangay Nailon, Bogo City. Based on their drone survey, the fault’s ground rupture is as long as 1.5 kilometers.
In a phone call with Rappler, Phivolcs also confirmed that the Bogo Bay Fault is different from the Bogo Fault, another major source of earthquakes within the island of Cebu.
Beyond that, little is known about this offshore fault, which had never been mapped or traced before and could not even be found in Phivolcs’ active fault database. The government agency said in its October 3 Facebook post that a team is still doing field verification to determine the full extent of the fault.
Why is there not much information on this fault? In Phivolcs’ earlier press conference, Winchelle Ian Sevilla, chief of Phivolcs’ seismological observation and earthquake prediction division, said this is because the area where the fault lies has not produced a powerful earthquake within the last 400 years.
While small earthquakes with magnitudes of less than 4.5 were indeed recorded there, these were not strong enough to indicate there was a fault there capable of such magnitude.
According to Phivolcs’ primer on the Cebu earthquake, these “local inland and offshore faults” can also be hidden by deposits. Kai Seda, Phivolcs’ science research assistant, whom Rappler contacted via the government agency’s earthquake hotline, said this is one possible reason why the then-unnamed Bogo Boy Fault could not be traced before.
Days after the Cebu tremor, what do we know so far about this offshore fault based on the findings of Phivolcs and earthquake scientists? Here are some key facts.
What does the magnitude 6.9 earthquake say about the fault?
Based on Phivolcs’ primer, the earthquake’s epicenter has been pinpointed at 19 kilometers northeast off the shore of Bogo City, with an estimated depth of 5 kms.
This depth is “shallow,” according to Sevilla. A shallow epicenter means that the effects of an earthquake are more intense and widespread because it is closer to the earth’s surface.
He added that the September 30 earthquake movement was described as lateral or horizontal, which means the ground shook from side to side. After identifying the Bogo Bay Fault, Phivolcs later confirmed that the fault’s features indicated a right-lateral fault.
Phivolcs defines a right-lateral strike-slip fault as a break in the ground where the ground on the other side of a fault moves horizontally to the right.
Judith Hubbard, an earthquake scientist at Cornell University, wrote in an analysis reported by the Washington Post that a right-lateral orientation of the fault would put it directly beneath parts of Cebu or Leyte, including Bogo City.
She added that a magnitude 6.9 earthquake is typically caused by a fault that is around 20 to 60 kms long.
Dr. Mario Aurelio, professor at the National Institute of Geological Sciences of the University of the Philippines, said in a Rappler article that the earthquake may be “nature’s way of releasing” stresses that had been accumulating in Daanbantayan and surrounding areas since the 2017 Leyte earthquakes. Leyte Island is located just east of northern Cebu.
The Leyte earthquakes were generated by the Leyte segment of the Philippine Fault, according to Aurelio.
Phivolcs defines the Philippine Fault or Philippine fault zone as a 1,200-km-long strike-slip fault that is divided into several segments. It has been the source of many of the country’s large-magnitude earthquakes in recent years.
Is the offshore fault different from Cebu’s existing fault lines?
According to Phivolcs’ primer published before the Bogo Bay Fault was identified, Cebu Island’s major sources of earthquakes include the Bogo Fault, Daanbantayan Lineament, and Cebu Fault System.
The Bogo Fault should not be confused with the Bogo Bay Fault that caused the September 30 tremor. SunStar previously quoted Phivolcs Director Teresito Bacolcol as saying that the Bogo Fault is on land, while the culprit fault is in the sea, which points to the two being different faults.
During Phivolcs’ October 1 press conference, Sevilla discussed only the possibility of an unmapped fault being the cause of the earthquake.
The Hubbard and Aurelio articles are consistent with this position — that a previously unmapped fault is the origin of the Cebu tremor.
Why was the fault unmapped?
Sevilla explained that the offshore fault in Bogo City was not previously mapped for two reasons.
First, the fault is located underwater, which Sevilla said, made it difficult to monitor and study.
Second, previous earthquakes from this area within the last 400 years were not powerful enough (above magnitude 4.5) to be felt.
This means they could not have known that the area had a fault capable of producing a powerful earthquake until the September 30 tremor happened.
Hubbard explained in her own analysis that, while it is “always a little surprising” for an unmapped fault to produce a strong earthquake, such an event is less surprising for the Philippines.
This is because the country is “so tectonically active” and has “so many faults,” according to the scientist. While most of the country’s strong earthquakes happen along colliding tectonic plates and the Philippine Fault, many tremors still originate from smaller faults “that grow and evolve as the plates on either side continue to drive deformation.”
“In this setting, it is not that unusual for unmapped faults to break in large earthquakes,” she added. As an example, she mentioned that the magnitude 7.2 Bohol earthquake in 2013 also came from a thrust fault that had previously been unmapped. – Rappler.com
How does this make you feel?",6634
E005,"Apps linking quake victims with rescuers , donors launched by Cebu students",thestar.com.my,20251003T080000Z,English,https://www.thestar.com.my/aseanplus/aseanplus-news/2025/10/03/apps-linking-quake-victims-with-rescuers-donors-launched-by-cebu-students,"CEBU, Philippines: Turning technology into a tool for bayanihan (a spirit of communal unity or effort to achieve a particular objective), Cebu-based student developers have launched a real-time web application designed to connect earthquake victims with volunteers, donors and rescuers in areas hardest hit by the recent magnitude 6.9 quake in northern Cebu.
The interactive app allows users to pin the exact locations of families in need and specify urgent relief requirements such as food, water, medicine, shelter and other essentials.
Each pin on the digital map represents a household waiting for assistance, helping responders identify where to go and what to bring.
“We saw the problem because many were posting online that relief was not well distributed,” said Clint Alonzo, one of the app’s developers, in an interview with CDN Digital on Friday, October 3.
The initiative was created by Clint Alonzo, Vince Igot and Ralph Adrianne Dilao, all Information Technology students from the University of Cebu-Main Campus.
The team said the app was built in response to the urgent need for a more organised, centralised, and transparent system to guide disaster relief efforts.
Through the platform, victims or their relatives can drop a pin marking their location. Donors and volunteers can then access these pins and navigate directly to the site using Google Maps integration.
“Victims can pin their location so they’re visible on the map and help can find them. If they don’t have signal, others—like relatives from afar—can pin their location for them,” Alonzo explained.
“The pinned location can also guide responders with a route through Google Maps for seamless navigation,” he added.
The developers said the platform is already gaining traction, with users posting comments and feedback on how the tool helps locate hard-to-reach areas.
“A lot of people commented that they will use the app to go to the pinned locations,” Alonzo said.
While the app is functional, the team is still addressing technical challenges, such as managing large volumes of data while using free hosting services.
They also plan to add new features, including a “resolved” button that marks locations where relief has already been delivered, to prevent duplication of aid.
“We’re still working on that,” Alonzo said, noting that they are coordinating with their instructors for guidance and exploring partnerships with local government units to officially integrate the tool into disaster response operations.
“We hope to expand this platform beyond earthquakes to support overall disaster response,” he added.
The app, accessible via https://cebu-calamity-response.vercel.app, has drawn praise online for embodying the “Bayanihan spirit made digital.” Users are urged to use the platform responsibly and avoid spamming, as “every pin matters.”
In a similar effort, Charles Zoilo Yana, a student from Cebu Technological University–Danao Campus, also developed a “Northern Cebu Earthquake Relief Map Guide”, which has already mapped nearly 300 locations needing assistance, including Carnaza Island in Daanbantayan.
Yana said he built his site to help responders visualise underserved areas.
“My main purpose is to give responders a guide on where to send aid, especially to places that have not received much attention,” Yana said. The app can be accessed at https://northerncebu-reliefmap.netlify.app
Both initiatives highlight how young Cebuanos are harnessing digital tools to close gaps in disaster response, transforming social media awareness into actionable, data-driven solutions.
“Every pin represents a family. Every pin represents a life,” Alonzo said.
The earthquake killed at least 73 people, injured 297 others, and displaced thousands across northern Cebu, according to government data. - Philippine Daily Inquirer/ANN",3821
E005,"DHSUD suspends housing amortization for quake , typhoon victims",tribune.net.ph,20251002T073000Z,English,https://tribune.net.ph/2025/10/02/dhsud-suspends-housing-amortization-for-quake-typhoon-victims,"The Department of Human Settlements and Urban Development (DHSUD) has ordered a moratorium on housing amortization payments for members of its key shelter agencies (KSAs) in areas devastated by recent natural disasters.
DHSUD Secretary Jose Ramon Aliling said the move was in compliance with President Ferdinand Marcos Jr.’s directive to provide all possible assistance to victims of the magnitude 6.9 earthquake in Cebu and typhoons “Nando” and “Opong” in Bicol.
Aliling directed Pag-IBIG Fund Chief Executive Officer Marilene Acosta, National Home Mortgage Finance Corporation President Renato Tobias, National Housing Authority General Manager Joeben Tai, and Social Housing Finance Corporation President Federico Laxa to immediately enforce the suspension.
“Alinsunod sa direktiba ni Pangulong Marcos Jr., hinihiling ko sa ating mga KSAs na magpatupad ng suspension ng amortization sa lahat ng mga apektado ng kalamidad sa Cebu at Masbate,” Aliling said.
The DHSUD chief, who also chairs the boards of the four housing agencies, accompanied the President to Masbate on Wednesday to deliver aid to affected residents.
“Malaking bagay sa ating mga kababayan na nasalanta ng bagyo at lindol ang hindi na muna aalalahanin ang pagbayad ng buwanang amortization sa panahong ito. Ang utos ng Pangulo ay ipaabot ang lahat ng pwedeng itulong sa mga biktima, at yan po ang ating gagawin,” he added.
Aliling also tasked DHSUD’s regional offices in Regions 5 and 7 to conduct immediate ground assessments of shelter damage and coordinate closely with other government agencies and the private sector to deliver housing assistance at the soonest possible time.
The Cebu earthquake late Tuesday killed more than 70 people, injured hundreds, and displaced over 47,000 families, many of whom were left homeless. Last week, typhoons “Nando” and “Opong” battered Bicol, particularly Masbate, damaging or destroying thousands of homes.",1920
E005,How to help those affected by magnitude 6 . 9 Cebu earthquake,rappler.com,20251001T170000Z,English,https://www.rappler.com/moveph/ways-help-affected-communities-cebu-earthquake-september-2025/,"AT A GLANCE
- A magnitude 6.9 earthquake struck Cebu province on September 30, causing significant destruction and at least 65 reported deaths, leading to a state of calamity.
- Various organizations are organizing donation drives and volunteer efforts to provide immediate relief to affected communities, including initiatives by Angat Buhay, the Coast Guard, and local schools.
- Donations of food, water, hygiene kits, and shelter supplies are being accepted at multiple locations, and volunteers with medical backgrounds are encouraged to assist in relief efforts.
Do you know of a donation drive that aims to help communities affected by the magnitude 6.9 earthquake that rocked Cebu and nearby provinces? Share this to the volunteer opportunities chat room in the Rappler app so we can feature it here.
***
MANILA, Philippines – A magnitude 6.9 earthquake struck Cebu province on Tuesday, September 30.
Felt in Cebu and nearby provinces, the earthquake dealt a heavy blow to the area, leaving several buildings and infrastructure destroyed. At least 65 deaths have been recorded so far, according to the Cebu Provincial Disaster Risk Reduction and Management Office.
The massive damage and casualties have prompted the province to declare a state of calamity.
Several organizations in and out of Cebu are spearheading donation drives and volunteer efforts to provide immediate relief to affected communities. Below is a running list of vetted initiatives you can support. (LIVE UPDATES: Magnitude 6.9 Cebu earthquake)
Angat Buhay
Angat Buhay will set up temporary hot meal stations in earthquake-affected towns in Cebu. This initiative is supported by the Angat Bayanihan Volunteer Network and Rise Against Hunger Philippines. Those interested in supporting their programs may make a donation.
Coast Guard District Southeastern Mindanao
The Coast Guard District Southeastern Mindanao is accepting in-kind donations such as food packs, bottled water, hygiene kits, and other basic necessities to help affected communities in Cebu City. Donations may be dropped off at the CGDSEM Headquarters Km 10, Sasa Wharf, Sasa, Davao City.
Colegio de la Inmaculada Conception
The Colegio de la Inmaculada Concepcion welcomes help for those affected in northern Cebu through donations of water, canned goods, noodles, medicines, and hygiene kits. Donations may be dropped off at San Roque Parish (Subangdaku, Mandaue City), Asilio de la Milagrosa Chapel (Gorordo, Cebu City), CIC Inc. (Gorordo, Cebu City), and CIC-Mandaue (Tipolo, Mandaue City).
Cebu provincial government
The Cebu provincial government, through Cebu Governor Pam Baricuatro, is calling for donations of bottled water, tents, and ready-to-eat food to help those affected in Cebu. These may be brought to the Cebu Provincial Capitol. People may also look for Provincial Social Welfare and Development Office staff Clarisse at the tents set up at the Heritage Park grounds.
Aside from the items mentioned above, the provincial government is also in need of volunteer vehicles to help transport medical and non-medical volunteers to affected areas.
DOST Scholars’ Association in Region 7-DOST SA SIETE
DOST Scholars’ Association Central Visayas calls for in-kind donations to help affected communities in northern Cebu. The following in-kind donations are needed: fabrics (clothes, blankets, etc.), distilled water, tents, ready-to-eat food/canned goods, first aid kits, and hygiene essentials. These may be dropped off at DOST Regional Office 7, S&T Complex, Sudlon, Lahug, Cebu City.
Fully Psych
Fully Psych and GSOG-Resilience Training Center are offering free psychological first aid (PFA) for survivors of Super Typhoon Nando and the Cebu earthquake.
Licensed psychologists and trained PFA responders will conduct the sessions fully online.
To register, people can message Fully Psych’s Facebook and Instagram pages or text 0995-976-3777.
MentalCare Global Community and Teach to Serve PH
MentalCare Global Community and Teach to Serve PH are offering free PFA for those affected in Cebu.
From 9 pm to 11 pm on Mondays to Thursdays, PFA-trained mental health providers will be available to provide active listening and compassionate support, as well as guidance on coping strategies and necessary referrals to more resources, if needed.
Those interested in availing themselves of the service can send a message to MentalCare Global Community.
Philippine Mental Health Association Cebu Chapter
The Philippine Mental Health Association (PMHA) Cebu Chapter is offering free online post-calamity psychosocial sessions for those affected in Cebu.
Trained mental health professionals and volunteers of the PMHA will conduct online sessions via Google Meet to help survivors process their emotions and experiences. Sessions are available throughout October.
Those interested in availing themselves of the service can register through the Google Form or email PMHA at onlinepsychosocialpmhacebu@gmail.com.
Project Revive PH
Project Revive PH is leading a donation drive to help those affected by the quake in Bogo City, Cebu. People may donate the following items:
- bottled water/drinking water
- tents (temporary shelter)
- canned goods and easy-to-cook food (no need for refrigeration)
- rice and instant noodles
- hygiene kits (soap, shampoo, toothpaste, sanitary napkins, diapers)
- medicines (for fever, cough, colds, pain relievers, first aid supplies)
- blankets, mats, and pillows
- flashlights and batteries
These may be dropped off in front of the Toledo City Badminton Center. A tent will be set up there to receive donations.
Rotaract Club of Metro Cebu and Metro Cebu CIT-U Chapter
The Rotaract Club of Metro Cebu and Rotaract Club of Metro Cebu Cebu Institute of Technology-University Chapter calls for in-kind donations, such as shelter items, food, water, clothes, hygiene kits, and medicines, to help those affected in northern Cebu. For inquiries, you may contact them via their email: racmccitchapter@gmail.com
Uha Caregiver Academy
Uha Caregiver Academy is accepting donations at its campus for those affected in Bogo City. The public is encouraged to donate drinking water, food, rice, hygiene kits, medicines, and shelter supplies.
For donations and volunteer opportunities, people may contact the academy at 0947 697 6652 or 0917 124 2589.
University of the Philippines Cebu
UP Cebu is accepting in-kind donations to provide assistance to affected communities in Cebu. These can be dropped off at the Administrative Building Entrance Gate, UP Cebu.
UP Cebu is also encouraging alumni with medical background to volunteer and join the UP Cebu medical team in northern Cebu. To volunteer, they may reach out to the Health Services Unit by calling 032 232 8187 loc. 317.
Students who are directly affected are urged to contact the Office of Student Affairs for relief assistance. – Tifanny Geluz, Christian Patulot, Marty Apuhin/Rappler.com
Tifanny Geluz, Christian Patulot, and Marty Apuhin are Rappler interns.
How does this make you feel?",7017
E006,Hurricane Genevieve roars in the Pacific as Fausto weakens to a tropical storm near Hawaii,nypost.com,20260728T081500Z,English,https://nypost.com/2026/07/28/us-news/hurricane-genevieve-roars-in-the-pacific-as-fausto-weakens-to-a-tropical-storm-near-hawaii/,"Genevieve was briefly a Category 5 hurricane early Monday, the first in the East Pacific region in two years, the National Hurricane Center said.
It was expected to stay far out to sea on a course roughly parallel with the Mexico coast.
Genevieve had maximum sustained winds of 145 mph, according to the Miami-based hurricane center.
Genevieve’s center was located about 505 miles southwest of the southern tip of the Baja California peninsula and was headed northwest at 12 mph.
No coastal watches or warnings were in effect, but the hurricane center said that swells from the storm — likely causing “life-threatening surf and rip current conditions” — were affecting parts of Mexico’s southwestern coast and the Baja California peninsula.
Genevieve was expected to fluctuate in intensity before weakening later in the week.
Farther northwest in the Pacific, Hurricane Fausto weakened to a tropical storm Monday evening as it continued on a path in the general direction of the Hawaiian Islands.
Forecasters said Fausto is expected to pass north of Hawaii, but residents should still monitor the progress of the storm for impacts
Large surf and strong currents were increasing on east-facing shores along Hawaii’s islands, the hurricane center said.
Fausto had maximum sustained winds of 70 mph.
It was centered about 415 miles east-northeast of Hilo, Hawaii, and traveling west-northwest at 16 mph.",1400
E006,Hurricane Genevieve and Fuasto strengthens in the Pacific,wdsu.com,20260728T143000Z,English,https://www.wdsu.com/article/hurricane-genevieve-fausto-tropic-update-pacific-storm-hawaii-weather-forecast/73278730,"Hurricane Genevieve and Fausto strengthens in the Pacific, while Atlantic stays quiet
Two hurricanes drift across the Pacific as the Atlantic Ocean stays clear of any future systems for at least the next ten days. This comes after the National Hurricane Center and Colorado State University forecast a below-average 2026 Atlantic Hurricane Season.
So far, two named tropical storms have developed in the Gulf, both of which make direct landfall in Louisiana.
Hurricane Genevieve
Hurricane Genevieve became a powerful Category 4 major hurricane and will continue to charge across the Pacific Ocean. It is expected to weaken from this point onward. This system will not impact anyone, otherwise known as a fish storm that stays over water throughout its life cycle.
Hurricane Fausto
Meanwhile, Hurricane Fausto peaked at a Category 1 hurricane just west of Hawaii. Winds climbed to 75 mph, with a track pointed northwest at 15 to 20 mph. The eye of Fausto will not make landfall, but the outer bands could bring some rain to Hawaii. Winds will gust up to 30 mph across portions of Hawaii, with rough surf and strong currents.
  
3. Why so much activity in the Pacific, but not the Atlantic?
The 2026 North Pacific Hurricane Season is on its 'F' named storm. This means six tropical systems have developed since the beginning of the hurricane season. 
El Niño  remains the culprit behind the aggressive tropical development in the Pacific and the very little development in the Atlantic.
El Niño refers to warm waters in the central and eastern tropical Pacific Ocean very close to the equator.
The latest information from NOAA tells us that the El Niño conditions that have already been in place in the tropical Pacific will continue to strengthen significantly during the coming months. Water temperatures, on average, will be as much as 3 to 3.5 degrees above average, according to the World Meteorological Organization.
This will mean several things for the United States, including wetter conditions for California, warmer-than-normal conditions for states in the northern US, but most importantly for New Orleans, stronger upper-level winds in the Gulf and the Caribbean, winds that often shear apart potential tropical systems.",2231
E006,Hurricane Genevieve roars in the Pacific as Fausto weakens to a tropical storm near Hawaii – Winnipeg Free Press,winnipegfreepress.com,20260728T093000Z,English,https://www.winnipegfreepress.com/arts-and-life/life/greenpage/2026/07/28/hurricane-genevieve-roars-in-the-pacific-as-fausto-weakens-to-a-tropical-storm-near-hawaii,"Tropical Storm Fausto to splash past Hawaii as Hurricane Genevieve sends swells to Mexico
To continue reading, please subscribe:
Digital Subscription
One year of digital access for only $205*
- Enjoy unlimited reading on winnipegfreepress.com
- Read the E-Edition, our digital replica newspaper
- Access News Break, our award-winning app
- Play interactive puzzles
*First annual payment billed as $205.00 + GST for one year. This annual subscription will automatically renew at $233.00 + GST every 52 weeks (10% off the regular annual price of $259.35). Offer available to new and qualified returning subscribers only. Cancel any time.
To continue reading, please subscribe:
Add Free Press access to your Brandon Sun subscription for only an additional
$1 for the first 4 weeks*
*Your next Brandon Sun subscription payment will increase by $1.00 and you will be charged $17.95 plus GST for four weeks. After four weeks, your payment will increase to $24.95 plus GST every four weeks.
MIAMI (AP) — Rough surf was possible for Hawaii and Mexico on Tuesday thanks to two tropical cyclones in the Pacific Ocean that forecasters said were sending strong waves to some coastal areas.
Tropical Storm Fausto was expected to pass just north of the Hawaiian islands starting Tuesday night, according to the National Hurricane Center in Miami. Fausto had maximum sustained winds of 40 mph (65 kph) and was expected to weaken from tropical storm strength early Wednesday.
On Tuesday, Fausto was about 310 miles (500 kilometers) east-northeast of Honolulu and moving west-northwest near 12 mph (19 kph). Forecasters said strong currents from the tropical storm could create dangerous conditions on some Hawaii beaches.
Meanwhile, Hurricane Genevieve strengthened to a Category 4, the hurricane center said. Maximum sustained winds were 130 mph (215 kph) for the major hurricane, which was about 590 miles (950 kilometers) west-southwest of the southern tip of the Baja California peninsula.
Swells from Genevieve were reaching Baja California and coastal southwestern Mexico. Forecasters warned of life-threatening surf and rip current conditions.
On the forecast track, Genevieve was expected to fluctuate in intensity for about a day before consistently weakening.",2253
E006,Hurricane Genevieve to bring  extreme  conditions to Southern California beaches – Orange County Register,ocregister.com,20260729T003000Z,English,https://www.ocregister.com/2026/07/28/hurricane-genevieve-to-bring-extreme-conditions-to-southern-california-beaches/,"If you’re trying to beat extreme inland heat and are heading to the beach — be warned, the waves will be extreme, wild and dangerous.
Hurricane Genevieve has gained force this week, with swells expected to beef up waves to the 8- to 10-foot range at south-facing beaches, and larger at some areas, posing hazards for beachgoers who will be met with big surf and strong rip currents.
“It’s going to be extreme, we believe, for the next couple of days,” Newport Beach Lifeguard Chief Brian O’Rourke said.
The National Weather Service issued a High Surf Advisory starting Wednesday and lasting through Saturday evening, along with a Coastal Flood Advisory due to extreme evening high tides of nearly 7 feet, with warnings of flooded parking lots, parks and roads and erosion through 3 a.m. Saturday, Aug. 1.
West-facing beaches could see waves in the 3- to 6-foot range, according to the National Weather Service.
Inexperienced swimmers should remain out of the water due to dangerous surf conditions, the NWS warned.
Surfline forecaster Kevin Wallis said the south-southeast swell from Hurricane Genevieve bringing the big waves was already starting to fill in Tuesday afternoon, building further over the next couple of days, with a peak in size late Wednesday and into Thursday.
In addition, there’s a south-southwest swell from a storm down near New Zealand about 10 days ago that will also bring large surf across Orange County, he noted.
For the Lexus US Open of Surfing on the southside of the HB Pier, forecasters are calling for waves in the 6- to 10-foot range, with a strong south-to-north current Wednesday afternoon through the first half of Friday.
The largest waves Wednesday afternoon and Thursday could reach up to 12 feet, he noted. The surf will steadily fade for the finals weekend, but will remain overhead, about 5- to 7-foot, through the first half of Saturday and a “fun and rippable” 3- to 5-foot range on Sunday, the final day of the event, Wallis said.
Los Angeles County Fire Department Lifeguard spokesman Pono Barnes said the swell energy is already filling in, with guards preparing for a busy week ahead.
Last weekend, especially on Saturday as the tropical storm Fausto filled in, was one for the books for LA County lifeguards, which recorded 1,950 rescues.
Los Angeles beaches are expected to see 4- to 6-foot surf in areas such as Manhattan Beach, Venice and Malibu, with potential for sizable surf at Will Rogers and Santa Monica beaches, Barnes said.
“We have people, swell and warm water, and it’s summertime. And the beach is the most inexpensive thing you can do with the family on the weekend,” Barnes said. “All of those things are going to come into alignment and I think we will see impressive numbers as well this coming weekend.”
Departments are fully staffed up for summer, he said.
O’Rourke said the forecast is looking “robust,” with waves expected in the 6- to 10-foot range at south-facing beaches in the city, even larger at the Wedge in Newport Beach.
“Our lifeguards, we’ve been busy,” he said. “We’ve had a very active summer.”
Some of the safer areas may be on the north side of the Newport Pier up to 36th Street, or in Newport Bay.
The most important tip if heading to the coast, O’Rourke said, is to check in with lifeguards and always listen to what they say about hazardous areas.
“We want people to be safe. The conditions could be, in certain areas, in the extreme range that poses definite risk to swimmers,” Barnes said. “Elevated surf, along with extremely elevated rip currents.”",3544
E006,Hurricane Genevieve to bring  extreme  conditions to Southern California beaches – Daily News,dailynews.com,20260729T011500Z,English,https://www.dailynews.com/2026/07/28/hurricane-genevieve-to-bring-extreme-conditions-to-southern-california-beaches/,"If you’re trying to beat extreme inland heat and are heading to the beach — be warned, the waves will be extreme, wild and dangerous.
Hurricane Genevieve has gained force this week, with swells expected to beef up waves to the 8- to 10-foot range at south-facing beaches, and larger at some areas, posing hazards for beachgoers who will be met with big surf and strong rip currents.
“It’s going to be extreme, we believe, for the next couple of days,” Newport Beach Lifeguard Chief Brian O’Rourke said.
The National Weather Service issued a High Surf Advisory starting Wednesday and lasting through Saturday evening, along with a Coastal Flood Advisory due to extreme evening high tides of nearly 7 feet, with warnings of flooded parking lots, parks and roads and erosion through 3 a.m. Saturday, Aug. 1.
West-facing beaches could see waves in the 3- to 6-foot range, according to the National Weather Service.
Inexperienced swimmers should remain out of the water due to dangerous surf conditions, the NWS warned.
Surfline forecaster Kevin Wallis said the south-southeast swell from Hurricane Genevieve bringing the big waves was already starting to fill in Tuesday afternoon, building further over the next couple of days, with a peak in size late Wednesday and into Thursday.
In addition, there’s a south-southwest swell from a storm down near New Zealand about 10 days ago that will also bring large surf across Orange County, he noted.
For the Lexus US Open of Surfing on the southside of the HB Pier, forecasters are calling for waves in the 6- to 10-foot range, with a strong south-to-north current Wednesday afternoon through the first half of Friday.
The largest waves Wednesday afternoon and Thursday could reach up to 12 feet, he noted. The surf will steadily fade for the finals weekend, but will remain overhead, about 5- to 7-foot, through the first half of Saturday and a “fun and rippable” 3- to 5-foot range on Sunday, the final day of the event, Wallis said.
Los Angeles County Fire Department Lifeguard spokesman Pono Barnes said the swell energy is already filling in, with guards preparing for a busy week ahead.
Last weekend, especially on Saturday as the tropical storm Fausto filled in, was one for the books for LA County lifeguards, which recorded 1,950 rescues.
Los Angeles beaches are expected to see 4- to 6-foot surf in areas such as Manhattan Beach, Venice and Malibu, with potential for sizable surf at Will Rogers and Santa Monica beaches, Barnes said.
“We have people, swell and warm water, and it’s summertime. And the beach is the most inexpensive thing you can do with the family on the weekend,” Barnes said. “All of those things are going to come into alignment and I think we will see impressive numbers as well this coming weekend.”
Departments are fully staffed up for summer, he said.
O’Rourke said the forecast is looking “robust,” with waves expected in the 6- to 10-foot range at south-facing beaches in the city, even larger at the Wedge in Newport Beach.
“Our lifeguards, we’ve been busy,” he said. “We’ve had a very active summer.”
Some of the safer areas may be on the north side of the Newport Pier up to 36th Street, or in Newport Bay.
The most important tip if heading to the coast, O’Rourke said, is to check in with lifeguards and always listen to what they say about hazardous areas.
“We want people to be safe. The conditions could be, in certain areas, in the extreme range that poses definite risk to swimmers,” Barnes said. “Elevated surf, along with extremely elevated rip currents.”",3544
E006,Hurricane Genevieve to bring  extreme  conditions to Southern California beaches – Press Telegram,presstelegram.com,20260729T191500Z,English,https://www.presstelegram.com/2026/07/28/hurricane-genevieve-to-bring-extreme-conditions-to-southern-california-beaches/,"If you’re trying to beat extreme inland heat and are heading to the beach — be warned, the waves will be extreme, wild and dangerous.
Hurricane Genevieve has gained force this week, with swells expected to beef up waves to the 8- to 10-foot range at south-facing beaches, and larger at some areas, posing hazards for beachgoers who will be met with big surf and strong rip currents.
“It’s going to be extreme, we believe, for the next couple of days,” Newport Beach Lifeguard Chief Brian O’Rourke said.
The National Weather Service issued a High Surf Advisory starting Wednesday and lasting through Saturday evening, along with a Coastal Flood Advisory due to extreme evening high tides of nearly 7 feet, with warnings of flooded parking lots, parks and roads and erosion through 3 a.m. Saturday, Aug. 1.
West-facing beaches could see waves in the 3- to 6-foot range, according to the National Weather Service.
Inexperienced swimmers should remain out of the water due to dangerous surf conditions, the NWS warned.
Surfline forecaster Kevin Wallis said the south-southeast swell from Hurricane Genevieve bringing the big waves was already starting to fill in Tuesday afternoon, building further over the next couple of days, with a peak in size late Wednesday and into Thursday.
In addition, there’s a south-southwest swell from a storm down near New Zealand about 10 days ago that will also bring large surf across Orange County, he noted.
For the Lexus US Open of Surfing on the southside of the HB Pier, forecasters are calling for waves in the 6- to 10-foot range, with a strong south-to-north current Wednesday afternoon through the first half of Friday.
The largest waves Wednesday afternoon and Thursday could reach up to 12 feet, he noted. The surf will steadily fade for the finals weekend, but will remain overhead, about 5- to 7-foot, through the first half of Saturday and a “fun and rippable” 3- to 5-foot range on Sunday, the final day of the event, Wallis said.
Los Angeles County Fire Department Lifeguard spokesman Pono Barnes said the swell energy is already filling in, with guards preparing for a busy week ahead.
Last weekend, especially on Saturday as the tropical storm Fausto filled in, was one for the books for LA County lifeguards, which recorded 1,950 rescues.
Los Angeles beaches are expected to see 4- to 6-foot surf in areas such as Manhattan Beach, Venice and Malibu, with potential for sizable surf at Will Rogers and Santa Monica beaches, Barnes said.
“We have people, swell and warm water, and it’s summertime. And the beach is the most inexpensive thing you can do with the family on the weekend,” Barnes said. “All of those things are going to come into alignment and I think we will see impressive numbers as well this coming weekend.”
Departments are fully staffed up for summer, he said.
O’Rourke said the forecast is looking “robust,” with waves expected in the 6- to 10-foot range at south-facing beaches in the city, even larger at the Wedge in Newport Beach.
“Our lifeguards, we’ve been busy,” he said. “We’ve had a very active summer.”
Some of the safer areas may be on the north side of the Newport Pier up to 36th Street, or in Newport Bay.
The most important tip if heading to the coast, O’Rourke said, is to check in with lifeguards and always listen to what they say about hazardous areas.
“We want people to be safe. The conditions could be, in certain areas, in the extreme range that poses definite risk to swimmers,” Barnes said. “Elevated surf, along with extremely elevated rip currents.”",3544
E006,"Hurricane Genevieve grows to Category 4 , could bring impacts to California",yahoo.com,20260727T171500Z,English,https://www.yahoo.com/news/weather-news/articles/genevieve-intensifies-category-5-hurricane-155508025.html,"Hurricane Genevieve became a powerful Category 5 in the eastern Pacific Ocean, with sustained winds at its center reaching 160 mph over the weekend, the National Hurricane Center reported.
The first Category 5 hurricane in the basin since Kristy in 2024, Genevieve is forecast to bring big waves and possibly coastal flooding to the Southern California coast, the hurricane center said. By Monday, July 27, at 12 p.m. ET, Genevieve's winds had dropped back to 155 mph, a Category 4 hurricane, and its winds were expected to continue fluctuating.
Farther to the west, westward-moving Hurricane Fausto is weakening but is forecast to create stormy seas along the east-facing shores of the Hawaiian Islands as it moves westward north of the islands later this week.
Meanwhile, the Atlantic hurricane basin has no systems expected to develop into storms over the next five days, according to the hurricane center.
Fausto forecast
Hurricane Fausto, about 670 miles east of Hilo, Hawaii on the morning of July 27, had seen its maximum sustained winds decline to 80 mph, just above the 74 mph threshold for a hurricane. The storm was moving west-northwestward at 14 mph.
Fausto is expected to be downgraded to a tropical storm later on July 27. No tropical storm force warnings are in effect for the islands.
High surf advisories are in effect for east-facing beaches along the islands, as surf generated by the storm is forecast to build westward through July 28 as the storm approaches, the hurricane center said. ""Large surf and strong currents will lead to dangerous conditions along exposed shores,"" the center advised.
The surf is forecast to build to 10 to 14 feet, and the surf advisory is forecast to remain in place until July 29. The hurricane center advised strong breaking waves and currents will make swimming dangerous.
Genevieve forecast
Taking advantage of the warmer than normal waters in the eastern Pacific Ocean, Hurricane Genevieve transformed itself over the weekend. The hurricane experienced a period of rapid intensification that saw its maximum sustained winds nearly double in 24 hours from July 25 to July 26, from 80 mph winds to 155 mph.
Beach advisories already are in place along the southern California coast because of a long-period southwesterly swell, and those seas are expected to build under the influence of Hurricane Genevieve, according to the National Weather Service office in San Diego.
""Some uncertainty exists"" in how strong the swells could be, depending on Genevieve's track and strength, but the latest weather service discussion advised the swell could be around 5 to 7 feet, generating breaking waves of 9 to 11 feet at south-southwestern facing beaches on Thursday, July 30.
The swells, in combination with lunar high tides, are likely to result in ""at least minor tidal overflow during the evening high tides"" this week along the southern California coast. More notable flooding is possible when Genevieve's swells arrive. Thanks to the El Niño conditions, the weather service said tides already have been consistently running up to six inches above predictions.
NOAA's hurricane forecast includes El Niño and a surprising twist
Swells from Genevieve already are affecting portions of the southwest coast of Mexico and southern portions of the Baja California peninsula. The conditions are forecast to spread north along Baja California, causing life-threatening surf and rip current conditions.
Genevieve is forecast to be a short-lived storm, disintegrating into a tropical storm by July 30.
Dinah Voyles Pulver, a national correspondent for USA TODAY, covers climate change, violent weather, the environment and other news. Reach her at dpulver@usatoday.com or @dinahvp on Bluesky or X or dinahvp.77 on Signal.
This article originally appeared on USA TODAY: Hurricane Genevieve grows to Category 4, could bring impacts to California",3883
E006,The question on Southern Californian minds : So it humid here now ? ,laist.com,20260729T020000Z,English,https://laist.com/news/climate-environment/southern-california-humidity-explainer,"The question on Southern Californians’ minds: So it’s humid here now?
Southern California summers aren’t exactly known for mugginess.
But uncharacteristic humidity has been clinging to the region for almost a month, and it looks like there’s little relief coming our way.
It’s not enough moisture to create much, if any, rain, but it is abnormal for this time of year
The dew point in Southern California is normally around 60 degrees at this time of year, forecasters say. But in downtown Los Angeles yesterday, the dew point hit almost 70 degrees.
Scientists say humidity generally becomes uncomfortable in the summer when the dew point is higher than 65.
“We do get these prolonged periods of heat, but what is unusual is the humidity,” said National Weather Service meteorologist Bryan Lewis.
So, what’s causing this mugginess?
A confluence of atmospheric forces, some hundreds or even thousands of miles away, is collecting and trapping moisture in Southern California.
“It's basically the combination of the warm ocean temperatures, as well as we've just been in the right pattern for some tropical moisture"" to be sent our way, Lewis said.
Storms in the Pacific
Storms are to blame, at least in part, for the uncharacteristic humidity in the region this summer.
Two in particular have contributed to moisture levels in Southern California as they traveled across the Pacific Ocean in recent weeks.
Tropical Storm Fausto formed off of Central America earlier this month before moving off into the open ocean and moving toward Hawaii. It briefly was elevated to a Category 2 hurricane over the weekend before weakening again into a tropical storm.
Fausto is expected to continue weakening as it passes to the north of the Hawaiian Islands over the next few days.
The other, stronger storm, Hurricane Genevieve, also formed off the coast of Central America and has been moving relatively parallel to the Mexican coast, several hundred miles offshore.
Genevieve was elevated to a Category 5 hurricane on Monday.
Protect free press
The storms aren’t solely responsible for sending moisture hundreds of miles across the ocean.
Other weather patterns closer to home, including the system of high pressure air currently settled over the Western U.S. and the North American monsoon, siphon the tropical moisture from the storms into our region.
Thankfully, forecasters say, Hurricane Genevieve is not expected to create as much moisture as Fausto and other recent tropical storms.
Warming oceans
Forecasters also say warming ocean temperatures are adding to the humidity.
When the ocean is warmer than usual, the wind blowing inland off the water is also warmer. The warm seawater also evaporates faster, releasing more moisture into the air above it. That moisture is then carried inland by the wind.
Ocean warming is not new in Southern California, but it’s getting worse.
The region has been hit with a series of marine heatwaves over the last decade. They generally recede during the winter, but the current one has lasted for over a year. Scientists say these ocean heatwaves are likely being worsened by human-caused climate change.
But there is some short-term hope on the horizon for humidity-haters.
One, Hurricane Genevieve is not expected to pull as much moisture into our region as other recent weather patterns. And two, forecasters expect drier air to flow in from the northwest, cutting down the humidity a bit, especially inland.
That may not reach people who live along the coast, however, where the higher ocean temperatures will help keep the coastal humidity elevated, especially at night.",3607
E006,"Calm week ahead for Pacific Northwest , no thunderstorms forecast for eastern Oregon",katu.com,20260727T181500Z,English,https://katu.com/news/local/calm-week-ahead-for-pacific-northwest-no-thunderstorms-forecast-for-eastern-oregon,"Calm week ahead for Pacific Northwest, no thunderstorms forecast for eastern Oregon
PORTLAND, Ore. (KATU) — A calm weather week is in store for the Pacific Northwest. The break will be welcome news for firefighters east of the Cascades battling numerous wildfires.
WEATHER | Latest Storm Tracker 2 Forecast
There are no thunderstorms in the forecast for central and eastern Oregon for at least the next five days.
A weakening cold front is forecast to move through the region late in the week, bringing stronger winds.
On the west side of the Cascades, morning clouds will quickly burn off in some areas away from the coast. The coast will remain mostly cloudy.
Temperatures on Monday will top out in the mid-80s.
Skies will remain mostly clear throughout the week, with highs staying in the low 80s. There is a slight chance of a shower or two on Saturday.
Following the weekend, forecast models show high temperatures climbing into the mid- to upper 90s.
Wildfire smoke from central and eastern Oregon is spreading east and northeast, making its way across the country. Smoke has already reached cities including Detroit, Cleveland and Philadelphia.
Last week, the remnants of Tropical Storm Elida sent tropical moisture into the region, where it combined with monsoonal moisture, triggering thunderstorms and sparking new fires.
Thankfully, there are no tropical systems headed our way, but two storms are churning in the eastern Pacific.
Hurricane Fausto is moving toward Hawaii. Some forecast models indicate the storm could pass north of the islands, while others suggest it could affect Oahu and Kauai. The storm is currently a Category 1 hurricane and is forecast to weaken to a tropical storm within the next 24 hours.
Hurricane Genevieve has strengthened into a powerful Category 5 hurricane. It is expected to move over cooler waters during the next five days and weaken to a tropical storm by this weekend. Genevieve is not expected to affect any land areas.",1970
E006,Hurricane Genevieve roars in the Pacific as Fausto weakens to a tropical storm near Hawaii,nbcnews.com,20260728T120000Z,English,https://www.nbcnews.com/weather/hurricanes/major-hurricane-genevieve-roars-pacific-fausto-weakens-tropical-storm-rcna589571,"MIAMI — Hurricane Genevieve was roaring in the Pacific Ocean far from land early Tuesday at the same time that the weakening Tropical Storm Fausto was bringing large surf to Hawaii.
Genevieve is a Category 4 hurricane, after briefly reaching Category 5 early Monday, the first in the East Pacific region in two years, the National Hurricane Center said. It was expected to stay far out to sea on a course roughly parallel with the Mexico coast.
Genevieve had maximum sustained winds of 140 mph (220 kph), according to the Miami-based hurricane center. Genevieve’s center was located about 515 miles (830 kilometers) southwest of the southern tip of the Baja California peninsula and was headed northwest at 10 mph (17 kph).
No coastal watches or warnings were in effect, but the hurricane center said that swells from the storm — likely causing “life-threatening surf and rip current conditions” — were affecting parts of Mexico’s southwestern coast and the Baja California peninsula.
Genevieve was expected to fluctuate in intensity before weakening later in the week.
Farther northwest in the Pacific, Hurricane Fausto has weakened to a tropical storm as it continues on a path in the general direction of the Hawaiian Islands. Forecasters said Fausto is expected to pass north of Hawaii, but residents should still monitor the progress of the storm for impacts.
Large surf and strong currents were increasing on east-facing shores along Hawaii’s islands, the hurricane center said. Fausto had maximum sustained winds of 65 mph (100 kph). It was centered about 340 miles (545 kilometers) east-northeast of Hilo, Hawaii, and traveling west-northwest at 15 mph (24 kph).",1670
E006,Hurricane Genevieve roars in the Pacific as Fausto weakens to a tropical storm near Hawaii,ksat.com,20260728T141500Z,English,https://www.ksat.com/news/2026/07/28/hurricane-genevieve-roars-in-the-pacific-as-fausto-weakens-to-a-tropical-storm-near-hawaii/,"MIAMI – Rough surf was possible for Hawaii and Mexico on Tuesday thanks to two tropical cyclones in the Pacific Ocean that forecasters said were sending strong waves to some coastal areas.
Tropical Storm Fausto was expected to pass just north of the Hawaiian islands starting Tuesday night, according to the National Hurricane Center in Miami. Fausto had maximum sustained winds of 40 mph (65 kph) and was expected to weaken from tropical storm strength early Wednesday.
Recommended Videos
On Tuesday, Fausto was about 310 miles (500 kilometers) east-northeast of Honolulu and moving west-northwest near 12 mph (19 kph). Forecasters said strong currents from the tropical storm could create dangerous conditions on some Hawaii beaches.
Meanwhile, Hurricane Genevieve strengthened to a Category 4, the hurricane center said. Maximum sustained winds were 130 mph (215 kph) for the major hurricane, which was about 590 miles (950 kilometers) west-southwest of the southern tip of the Baja California peninsula.
Swells from Genevieve were reaching Baja California and coastal southwestern Mexico. Forecasters warned of life-threatening surf and rip current conditions.
On the forecast track, Genevieve was expected to fluctuate in intensity for about a day before consistently weakening.",1283
E006,Hurricane Genevieve roars in the Pacific as Fausto weakens to a tropical storm near Hawaii,wsls.com,20260728T124500Z,English,https://www.wsls.com/news/2026/07/28/hurricane-genevieve-roars-in-the-pacific-as-fausto-weakens-to-a-tropical-storm-near-hawaii/,"MIAMI – Rough surf was possible for Hawaii and Mexico on Tuesday thanks to two tropical cyclones in the Pacific Ocean that forecasters said were sending strong waves to some coastal areas.
Tropical Storm Fausto was expected to pass just north of the Hawaiian islands starting Tuesday night, according to the National Hurricane Center in Miami. Fausto had maximum sustained winds of 40 mph (65 kph) and was expected to weaken from tropical storm strength early Wednesday.
Recommended Videos
On Tuesday, Fausto was about 310 miles (500 kilometers) east-northeast of Honolulu and moving west-northwest near 12 mph (19 kph). Forecasters said strong currents from the tropical storm could create dangerous conditions on some Hawaii beaches.
Meanwhile, Hurricane Genevieve strengthened to a Category 4, the hurricane center said. Maximum sustained winds were 130 mph (215 kph) for the major hurricane, which was about 590 miles (950 kilometers) west-southwest of the southern tip of the Baja California peninsula.
Swells from Genevieve were reaching Baja California and coastal southwestern Mexico. Forecasters warned of life-threatening surf and rip current conditions.
On the forecast track, Genevieve was expected to fluctuate in intensity for about a day before consistently weakening.",1283
E007,Nvidia stock : Nvidia stock slips after CES 2026 as company introduces humanoid robots and self - driving AI,economictimes.indiatimes.com,20260106T020000Z,English,https://economictimes.indiatimes.com/news/international/us/nvidia-stock-slips-after-ces-2026-as-company-introduces-humanoid-robots-and-self-driving-ai/articleshow/126363404.cms,"Listen to this article in summarized format
Nvidia believes physical AI could change the $50 trillion manufacturing and logistics industries and wants to lead in this area, as reported by Yahoo Finance. At CES, Nvidia introduced new AI models to teach robots how to understand and interact with the world, plus hardware to power them. Nvidia also revealed Alpamayo, a new AI model for self-driving cars, which uses chain-of-thought reasoning and vision-language-action technology.
Robotics AI models
Alpamayo can recognize unusual driving situations, like a traffic light being out, and figure out how to act safely. The model is meant to act as a “large-scale teacher” for developers, helping them improve self-driving car systems over time. Companies like Lucid, Uber, and Berkeley DeepDrive are interested in using Alpamayo.
Self-driving cars are growing worldwide, led by Google’s Waymo, but they are still not perfect and sometimes cause confusion or traffic jams, as stated by Yahoo Finance. Nvidia believes virtual training can help AI models learn safely without putting cars on the road all the time.
Nvidia Stock drop
Nvidia shares fell 0.4% in after-hours trading after Huang’s CES keynote, as noted by Reuters. Huang emphasized the importance of open-sourcing AI models and training data, saying: “Only in that way can you truly trust how the models came to be”. Competitors like Intel and AMD also presented at CES, with Intel’s share mostly stable and AMD falling 1.1% after-hours.
Intel, AMD, and Samsung at CES
Intel plans to show its Panther Lake laptop chip at CES, which tests its 18A manufacturing process, though the company has faced issues with production yield, as stated by Reuters. AMD’s CEO Lisa Su is scheduled for a keynote at 9:30 p.m. EST, also under investor scrutiny. Nvidia faces competition from chipmakers expanding into AI PCs and data centers, while big customers want more control over the silicon running AI workloads.
Memory prices can fall if supply increases or demand slows, and CES launches can disappoint if specs or shipment timelines are delayed. Investors are watching Intel’s 6 p.m. presentation and AMD’s 9:30 p.m. keynote for details on specs, shipments, and Nvidia’s future pricing power.
FAQs
Q1. What new robots did Nvidia show at CES 2026?
Nvidia introduced new humanoid robots and AI models for self-driving cars at CES 2026.
Q2. How did Nvidia stock react after CES 2026?
Nvidia stock slipped slightly in after-hours trading following the CES 2026 keynote.
(Catch all the US News, UK News, Canada News, International Breaking News Events, and Latest News Updates on The Economic Times.)
Download The Economic Times News App to get Daily International News Updates.
(Catch all the US News, UK News, Canada News, International Breaking News Events, and Latest News Updates on The Economic Times.)
Download The Economic Times News App to get Daily International News Updates.",2930
E007,GIGABYTE Launches AORUS GeForce RTX™ 5090 INFINITY Graphics Card with Innovative Cooling and Compact Design at CES 2026,portal.sina.com.hk,20260107T173000Z,English,https://portal.sina.com.hk/finance/finance-prnewswire/prnasia/2026/01/07/1430172/gigabyte-launches-aorus-geforce-rtx-5090-infinity-graphics-card-with-innovative-cooling-and-compact-design-at-ces-2026/,"TAIPEI, Jan. 7, 2026 /PRNewswire/ — GIGABYTE, the world’s leading computer brand, unveils the latest AORUS GeForce RTX™ 5090 INFINITY graphics card at CES 2026, showcasing a breakthrough design that combines compact dimensions with a next-generation cooling solution. Featuring the revolutionary WINDFORCE HYPERBURST Cooling System and GIGABYTE’s first separated PCB layout, this latest flagship model redefines airflow performance and form factor footprint for elite gaming setups.
    
GIGABYTE Launches AORUS GeForce RTX™ 5090 INFINITY Graphics Card with Innovative Cooling and Compact Design at CES 2026
A well-designed cooling system is the key to unleashing the full potential of a GPU, and it has always been the top priority for every GIGABYTE graphics card. Powered by NVIDIA Blackwell, GeForce RTX 50 Series GPUs bring game-changing capabilities to gamers and creators. Equipped with a massive level of AI horsepower, the RTX 50 Series enables new experiences and next-level graphics fidelity. Multiply performance with NVIDIA DLSS 4, generate images at unprecedented speed, and unleash creativity with NVIDIA Studio.
Featuring a separated advanced PCB design first pioneered by NVIDIA,the AORUS GeForce RTX™ 5090 AORUS INFINITY graphics card with the new WINDFORCE HYPERBURST Cooling System and Double Flow Through design enables penetrating airflow on both sides of the backplate to achieve streamlined, unobstructed cooling. At the center of the card, an additional Overdrive Fan activates under intense workloads to deliver an extra burst of cool air for optimal gaming performance and fully unlock RTX AI computing power.
This innovative card features a circular design accented by a bold die-cast metal plate, a specially crafted circular heat sink, and GIGABYTE’s iconic RGB Halo lighting to showcase the build with uncompromising performance. Combined with premium craftsmanship, a breakthrough cooling solution, and an industry-defining design, the card maintains a compact footprint with only 33 cm in length and 14.5 cm in height, ensuring compatibility with a wide range of chassis.
From elite gaming to accessible AI, GIGABYTE continues to push boundaries at every level of performance and design. Please visit the GIGABYTE EVENT | CES 2026 for more information. To experience all showcased products in person, visit the GIGABYTE Booth #8519 at LVCC North Hall during CES 2026 or join media and VIP sessions at Venetian Ballroom Level 3 Lido 3004, 3005, and 3104.",2486
E007,CES 2026 : Nvidia unveils open - source  reasoning  AI technology for autonomous vehicles,thenews.com.pk,20260106T083000Z,English,https://www.thenews.com.pk/latest/1387410-ces-2026-nvidia-unveils-open-source-reasoning-ai-technology-for-autonomous-vehicles,"CES 2026: Nvidia unveils open-source ‘reasoning’ AI technology for autonomous vehicles
A new family of open-source AI models is designed to bring human like reasoning to autonomous vehicles
Nvidia boss Jensen Huang reportedly announced on Monday Alpamayo, a tech platform which the company says will help self-driving cars think like humans.
The recent revelations present a significant shift from conventional pattern recognition to reasoning AI, which can think through novel and challenging scenarios.
At CES 2026, Nvidia CEO Jensen Huang on Monday unveiled Alpamayo, a tech platform the company says will help self-driving cars think like humans.
In this connection, Huang said on stage at the annual CES technology conference in Las Vegas: “Alpamayo brings reasoning to autonomous vehicles, allowing them to think through rare scenarios, drive safely in complex environments, and explain their driving decisions.”
Huang has further confirmed that Nvidia has begun producing a driverless car powered by its technology-the Mercedes-Benz CLA-in collaboration with the German automaker.
According to BBC, the plans to release vehicles in the US will take effect in the coming months, before being rolled out in Europe and Asia.
According to analysts the recent announcement strengthened Nvidia’s leadership in integrating AI hardware and software while furthering its efforts into physical AI.
An analyst at PP Foresight from Las Vegas said: “Nvidia's pivot toward AI at scale and AI systems as differentiators will help keep it way ahead of rivals.”
The shares of the AI chip designer advanced marginally following Huang’s presentation.
Huang emphasized that Alpamayo is an open-source AI model, with the source code now available on a machine learning platform, where autonomous vehicle researchers can access it for free and instruct the model.
Nvidia's Alpamayo unveiled: A direct challenge to Tesla’s full self-driving
The recent project could pose a threat to companies like Elon Musk’s Tesla, which offers driver assistance software called Autopilot.
After the official announcement of Alpamayo, Musk posted on social media that it's exactly what Tesla is doing, “What they will find is that it's easy to get to 99% and then super hard to solve the long tail of the distribution.”
Nvidia is the world’s most publicly listed company with a market cap of more than $4.5trillion. It became the first company to reach $5trillion in October, though it has been seen some volatility.
Additionally, the recent advancement shifts automated driving from simple pattern recognition toward human-like reasoning.",2608
E007,PNY Reveals New Dual Slot Slim RTX 50 Series GPUs at CES 2026,bleedingcool.com,20260110T203000Z,English,https://bleedingcool.com/games/pny-reveals-new-dual-slot-slim-rtx-50-series-gpus-at-ces-2026/,"Posted in: Conventions, Events, Game Hardware, Games, PNY, Video Games | Tagged: CES 2026, GPU
PNY Reveals New Dual Slot Slim RTX 50 Series GPUs at CES 2026
PNY revealed a few new items this month as part of CES 2026, as we got a look at their latest Dual Slot Slim RTX 50 Series GPUs
Article Summary
- PNY launches Dual Slot Slim GeForce RTX 50 Series GPUs with advanced cooling at CES 2026
- NVIDIA Blackwell architecture powers the new GPUs for exceptional AI, gaming, and creative performance
- Compact dual-fan designs ideal for mATX builds, featuring up to 16GB GDDR7 memory and PCIe 5.0
- Models include RTX 5080, 5070 Ti, and 5070, each supporting customizable tuning via VelocityX Software
PNY revealed some brand-new items as part of CES 2026, as they showed off their new line of Dual Slot Slim RTX 50 Series GPUs. This is basically an upgrade from their current lineup of graphics cards, as they have given this line an overhaul when it comes to performance, speed, cooling, thermals, and more. We have mroe details from the company below as these will hit the market in February 2026.
PNY Dual Slot Slim RTX 50 Series GPUs
PNY's new slim GeForce RTX 50 Series graphics cards feature an innovative lightweight, dual-fan, dual-slot design, making them among the most compact enthusiast cards currently in market, alongside NVIDIA Founders Edition. Powered by NVIDIA Blackwell, GeForce RTX 50 Series GPUs bring game-changing capabilities to gamers and creators. Equipped with a massive level of AI horsepower, the RTX 50 Series enables new experiences and next-level graphics fidelity. Multiply performance with NVIDIA DLSS 4, generate images at unprecedented speed, and unleash creativity with NVIDIA Studio. Built on NVIDIA's reference design and enhanced with PNY's superior thermal solutions, these graphics cards pack the full power of NVIDIA's RTX 5080, 5070 Ti and 5070 GPU models into a much smaller footprint. Perfect for mATX motherboard configurations – these cards are the ideal choice for creators, gamers, and AI-PC enthusiasts who demand high-end performance in limited-space environments.
With an overhauled thermal design using two large 120mm fans, a massive vapor chamber and an aluminum backplate, PNY's new Slim graphics cards deliver superior cooling capabilities and enhanced acoustic performance via ultra-quiet fan operation. Users can further customize their experience using PNY's VelocityX Software to optimize their graphics card's clock tuning, change fan settings, monitor performance, and more.
The new slim models deliver an exceptional gameplay experience and realism, thanks to the incredible processing power of NVIDIA Blackwell architecture. Gamers can expect improved performance and stability in the most graphically stunning AAA games, enjoying a seamless combination of ultra-fast memory and performance. These dual-slot, dual-fan graphics cards by PNY raise the bar for visual graphics, establishing a new standard for a next-level gameplay experience in compact builds.
PNY GeForce RTX 5080 16GB Slim Dual-Fan 2-Slot Graphics Card
- 16GB GDDR7 (256-bit)
- 120mm Dual-Fan, 2-Slot
- 11.8"" x 5.9"" x 1.6"" (300 x 150 x 40mm)
- Core Clock: 2295 MHz / Boost Clock: 2617 MHz (2730 MHz on OC Model)
- PCI Express 5.0
- (x3) DisplayPort and (x1) HDMI
PNY GeForce RTX 5070 Ti 16GB Slim Dual-Fan 2-Slot Graphics Card
- 16GB GDDR7 (256-bit)
- 120mm Dual-Fan, 2-Slot
- 11.4"" x 5.9"" x 1.6"" (290 x 150 x 40mm)
- Core Clock: 2295 MHz / Boost Clock: 2452 MHz (2572 MHz on OC Model)
- PCI Express 5.0
- (x3) DisplayPort and (x1) HDMI
PNY GeForce RTX 5070 12GB Slim Dual-Fan 2-Slot Graphics Card
- 12GB GDDR7 (192-bit)
- 100mm Dual-Fan, 2-Slot
- SFF-Ready Enthusiast GeForce Card
- 11.4"" x 5.0"" x 1.6"" (290 x 128 x 40mm)
- Core Clock: 2325 MHz / Boost Clock: 2512 MHz (2587 MHz on OC Model)
- PCI Express 5.0
- (x3) DisplayPort and (x1) HDMI",3874
E007,CES 2026 : All you need to know about Nvidia major announcements,economictimes.indiatimes.com,20260106T091500Z,English,https://economictimes.indiatimes.com/tech/technology/ces-2026-all-you-need-to-know-about-nvidias-major-announcements/articleshow/126369415.cms,"At Consumer Electronics Show (CES) 2026, a major annual trade event for consumer tech, Nvidia introduced Alpamayo, an open-source family of AI models, built to help autonomous vehicles reason and not just detect what’s on the road.
Nvidia, Mercedes-Benz partnership
Nvidia says Alpamayo-powered autonomous and driver-assistance features will debut with Mercedes-Benz, which launches in the US in Q1 2026, Europe in Q2 2026 and later the same year in Asia.
Unlike traditional self-driving systems that focus on object detection and route planning, Alpamayo moves beyond just seeing the road to actually “reasoning” about it.
“We started working on self-driving cars 8 years ago. We understood that we needed to build the entire stack. The model here is completely open sourced,” said Nvidia CEO Jensen Huang at the event.
“ChatGPT moment for physical AI is here,” Huang said about Alpamayo, adding that it brings reasoning to autonomous vehicles, allowing them to think through rare scenarios, drive safely in complex environments, and explain their driving decisions.
The flagship model: Alpamayo 1
At the centre of the release is Alpamayo 1, a 10-billion-parameter Vision-Language-Action (VLA) model.
“The Alpamayo family introduces chain-of-thought, reasoning-based vision language action (VLA) models that bring human-like thinking to AV decision-making,” the company said in a blog.
Alpamayo analyses video input, generating a driving trajectory, and clearly explains the logic behind each decision.
New chip release: Vera Rubin
Alongside Alpamayo, Nvidia announced a new AI chip designed to deliver more performance, with lower power consumption.
The chip, called Vera Rubin, has been in development for three years and is named after astronomer Vera Florence Cooper Rubin.
Key highlights:
This fulfills the promise Huang made last March at Nvidia’s annual conference in San Jose.
Sweet deal for developers
Nvidia is open-sourcing the Alpamayo ecosystem, including:
Alpamayo 1
AlpaSim
Physical AI Open Datasets are also being released, containing more than 1,700 hours of driving data collected across diverse geographies and conditions and covering rare and complex real-world scenarios.
Open-source robot foundation models
Beyond vehicles, Nvidia also introduced a full robotics AI stack at CES 2026, signalling its ambition to become the default platform for general-purpose robotics, similar to Android’s role in smartphones, according to TechCrunch.
The company released new open foundation models, simulation tools, and edge hardware, all available on Hugging Face, enabling robots to reason, plan, and adapt across tasks and environments.
New models include:
Nvidia, Mercedes-Benz partnership
Nvidia says Alpamayo-powered autonomous and driver-assistance features will debut with Mercedes-Benz, which launches in the US in Q1 2026, Europe in Q2 2026 and later the same year in Asia.
Unlike traditional self-driving systems that focus on object detection and route planning, Alpamayo moves beyond just seeing the road to actually “reasoning” about it.
“We started working on self-driving cars 8 years ago. We understood that we needed to build the entire stack. The model here is completely open sourced,” said Nvidia CEO Jensen Huang at the event.
“ChatGPT moment for physical AI is here,” Huang said about Alpamayo, adding that it brings reasoning to autonomous vehicles, allowing them to think through rare scenarios, drive safely in complex environments, and explain their driving decisions.
The flagship model: Alpamayo 1
At the centre of the release is Alpamayo 1, a 10-billion-parameter Vision-Language-Action (VLA) model.
“The Alpamayo family introduces chain-of-thought, reasoning-based vision language action (VLA) models that bring human-like thinking to AV decision-making,” the company said in a blog.
Alpamayo analyses video input, generating a driving trajectory, and clearly explains the logic behind each decision.
New chip release: Vera Rubin
Alongside Alpamayo, Nvidia announced a new AI chip designed to deliver more performance, with lower power consumption.
The chip, called Vera Rubin, has been in development for three years and is named after astronomer Vera Florence Cooper Rubin.
Key highlights:
- Ships in the second half of this year.
- Customers include Microsoft and Amazon.
- Requires one-quarter of the chips than its predecessor Blackwell.
- Reduces AI inference costs to one-tenth.
- Faster data centre installation due to redesigned supercomputers with fewer cables.
This fulfills the promise Huang made last March at Nvidia’s annual conference in San Jose.
Sweet deal for developers
Nvidia is open-sourcing the Alpamayo ecosystem, including:
Alpamayo 1
- The core model code is available on open-source AI platform Hugging Face.
- Developers can fine-tune smaller, faster versions.
- Can be used for simpler driving systems, auto-labelling tools, or decision evaluators.
AlpaSim
- An open-source end-to-end simulation framework.
- Available on GitHub.
- Recreates real-world driving conditions, from sensors to traffic, enabling large-scale, safe testing.
Physical AI Open Datasets are also being released, containing more than 1,700 hours of driving data collected across diverse geographies and conditions and covering rare and complex real-world scenarios.
Open-source robot foundation models
Beyond vehicles, Nvidia also introduced a full robotics AI stack at CES 2026, signalling its ambition to become the default platform for general-purpose robotics, similar to Android’s role in smartphones, according to TechCrunch.
The company released new open foundation models, simulation tools, and edge hardware, all available on Hugging Face, enabling robots to reason, plan, and adapt across tasks and environments.
New models include:
- Cosmos Transfer 2.5: World model for synthetic data generation
- Cosmos Predict 2.5: Used for robot policy evaluation in simulation
- Cosmos Reason 2: A reasoning vision-language model that allows AI to see, understand, and act in the physical world
- Isaac GR00T N1.6: This is Nvidia’s next-generation Vision-Language-Action (VLA) model built specifically for humanoid robots. It uses Cosmos Reason as its core reasoning engine and enables whole-body control, allowing humanoids to move and manipulate objects at the same time.
( Originally published on Jan 06,  2026 )",6357
E007,AMD at CES 2026 : Live updates from CEO Lisa Su keynote presentation,engadget.com,20260106T000000Z,English,https://www.engadget.com/computing/amd-at-ces-2026-live-updates-from-ceo-lisa-sus-keynote-presentation-190012370.html,"AMD at CES 2026: Live updates from CEO Lisa Su's keynote presentation
Expect announcements heavy on AI, and maybe an update on new Ryzen chips.
NVIDIA and Intel had their moment in the spotlight, and now it's AMD's turn. The chipmaker is kicking off CES 2026 on Monday night, where it'll cover its latest AI developments and perhaps show off its newest Ryzen chips. It's the kickoff keynote of CES 2026, and CEO Dr. Lisa Su is expected to outline how AMD's hardware will power the AI revolution — and what the company can offer partners and consumers that those aforementioned rivals can't.
We'll tell you how to tune in to the livestream and what else you can expect to see.
How to watch AMD's keynote live
Dr. Su will deliver a keynote speech from the Palazzo Ballroom at the Venetian on Monday, January 5 at 9:30PM ET (6:30PM PT). You can watch the event live on the CES YouTube channel (we've embedded the livestream below).
Engadget will also be liveblogging the AMD keynote in real-time.
132 Updates
- 
In case you missed the tangible chip news hidden amongst all that AI chat, Devindra has writeups on AMD's new laptop chip range, as well as its new desktop chips, which you can find at the links below:
- 
And we're out folks! Thanks for joining us during this... two hour long keynote.
- 
Su is wrapping things up now. ""This moment in tech not only feels different. AI is different. AI is the most powerful technology that has ever been created. And it can be everywhere for everyone.""
- 
- 
We're watching the members of ""Armtender"" winning team from AMD's partnership with Hack Club, discuss their project. The team includes Emme McDonald, Ruzanna Gaboyan and Afia Ava. AMD is awarding each of them with a $20,000 education prize.
- 
Let's all thank the First Lady for her AI leadership.
- 
This entire discussion around the Genesis Mission has been a whole lot of nothing.
- 
- 
AMD is also involved with the Genesis Mission, a public-private initiative to use AI for scientific discoveries.
- 
Su is discussing AMD's role in HPC (high performance computing) in the science world.
- 
AMD's new Ryzen AI Max+ chips and Ryzen 7 9850X3D court desktop enthusiastsYou wouldn't know it from this AI-heavy press conference, but AMD has, in fact, just announced a high-end desktop gaming CPU: the long-rumored Ryzen 7 9850X3D with 3D V-Cache. It's an 8-core chip that can reach up to 5.6GHz boost speeds with 104MB of combined L2 and L3 cache. Like all of AMD's X3D chips, it uses 3D V-cache technology to vertically stack additional cache memory. In comparison, the standard 9850HX chip has 76MB of L2 and L3 cache. Anyway... back to health and space and science, I guess. Read more: AMD's new Ryzen AI Max+ chips and Ryzen 7 9850X3D court desktop enthusiasts at CES 2026
- 
Now we're turning to the last chapter: Science!
- 
We're really going to hit the two-hour mark with this one, folks.
- 
Within two months of starting a partnership with AMD, Blue Origin was able to get the chips it needed for new flight computers.
- 
Couluris points out that space work demands reliable technology. He praised AMD's embedded technology for powering low-power space equipment for Blue Origin.
- 
John Couluris, SVP of Lunar Permanence at Blue Origin, now joins Su on stage. Specifically, he's focused on bringing heavy industry to the moon, and away from Earth.
- 
- 
Su says AMD technology is powering critical space missions today. That includes autonomous exploration of Mars, with the Perseverance Rover, as well as missions around the moons of Jupiter.
- 
Next up: Space!
- 
The robot's name is ""Gene.01,"" which he describes as an Italian robot. It has touch sensors to figure out how to help human patients. I'd be more impressed if the robot could actually walk around on stage, instead of standing at attention, dead-eyed.
- 
- 
Now we're watching a sleek announcement video for a robot. It's a red robot that looks straight out of Mega Man.
- 
The same tactile sensors used in robots can now act as a shoe for human patients.
- 
Pucci says his approach to physical AI is to build a platform around the robot. They're inspired by bio-mechanics, like the way we walk by falling forward.
- 
They built a jet-powered flying robot! Why would you do that!? You maniacs!
- 
- 
Daniele Pucci, CEO & co-founder of Generative Bionics, joins Su on stage to discuss the world of physical AI.
- 
Su is bringing up the work AMD has been doing in robotics for the last 20 years. It's basically the same physical AI concept NVIDIA discussed earlier this week.
- 
Nope. Now, we're entering the world of physical AI.
- 
The panel is over, and hopefully this keynote!
- 
Engkvist says AstraZeneca trains its AI models models on its decades of medical data. That helps the company to sort out the best experimental drugs.
- 
Thaysen's company, Illumina, focuses on gene sequencing for ""genomic discoveries."" He says the process more data than YouTube every day. (Also worth noting, he's bald and says he's very excited about what McClain is cooking up.)
- 
Talk about burying the lede — McClain moved onto talking about a disease-modifying treatment for endometriosis, a far more serious condition than baldness.
- 
Here's the panel: Sean McClain, Founder & CEO, Absci; Jacob Thaysen, CEO, Ilumina; and Ola Engkvist, Executive Director Head of Molecular AI AstraZeneca. McClain went first, now we're listening to Thaysen.
- 
One of the executives is discussing having AI help cure baldness. The crowd cheers. One guy is very excited about that news.
- 
I wonder if she told every stage guest to come with their favorite jacket.
- 
- 
Su has brought a trio of healthcare executives on stage to talk about the progress of healthcare AI.
- 
Su says that healthcare is one of the industries she's most passionate about when it comes to AI.
- 
We're moving onto healthcare next, after saying goodbye to Li.
- 
- 
What used to take months now takes a few minutes with World Labs' model, according to Li. She showed off a quick demo of how her team remodeled the Venetian hotel based on a few photos. ""The faster we can run these models, the more responsive the world becomes. Instant camera moves. Instant edits.""
- 
To the semi-educated eye it appears to be a lot like gaussian splats, but cleaned up with AI.
- 
Microsoft and others have shown off quite a few AI-generated game worlds, but the persistence of World Labs' demo seems a cut above the typical AI gaming demo we've seen.
- 
The World Labs team then converted that model into a few different design styles, from an overgrown forest to an ancient Egyptian theme.
- 
Li says her team visited AMD's office, took pictures with phone cameras and put them into World Labs' 3D generative model. It was able to create a 3D version of that environment, including windows, doors and signs. There's a sense of depth and scale, she says.
- 
- 
With World Labs, Li says she's using AI to interpret the structure of an environment from a few images. It can generate rich, permanent and persistent 3D worlds.
- 
Li says she's excited about AI's ability to give computers spatial awareness similar to humans. She wants to bring spatial intelligence to life.
- 
- 
Su is discussing how AI can help with game world creation. She's bringing Dr. Fei-Fei Li, CEO and founder of World Labs, onto the stage.
- 
Knowing how well the Framework Desktop runs Bazzite... the real questions is: Can I turn this lil guy into a Steam Machine?
- 
Now we're onto gaming and content creation.
- 
- 
AMD Ryzen AI Halo will be available in Q2 2026.
- 
Now she's announcing AMD Ryzen Halo, a new platform for local AI deployment. ""This is the smallest AI development system in the world,"" Su says.
- 
Now we're onto Ryzen AI Max, the ""ultimate"" processor for gamers, creators and developers. She's showing off the same specs from last year, they feature 50 TOPS NPUs, as well as integrated memory for faster bandwidth. Ryzen AI Max also supports Windows and Linux natively, so developers don't have to change their workflows.
- 
Looking forward to meetings where everyone sends a robot, they all talk to each other, and nothing gets done. That's truly the future of human collaboration.
- 
As an example, he says LFM 3 can join meetings for you to act on your behalf, while you focus on other work. (Nobody wants this! My god.)
- 
LFM 3, a more powerful model coming later this year, will work natively in 10 languages, offers real-time audio/visual interaction and enhanced function calling.
- 
Hasani is announcing Liquid Foundation Model 2.5, whichi features 1.2 billion parameters and fast agentic performance.
- 
- 
Hasani says Liquid AI is a foundation model company, building models that can work across a wide variety of hardware. ""The goal is to substantially reduce the computational cost of intelligence from first principles,"" he says.
- 
Ramin Hasani, co-founder and CEO of Liquid AI, now joins Su on the stage.
- 
Su says the first Ryzen AI 400 PCs will start shipping later this month.
- 
- 
She's announcing the new Ryzen AI 400 series processors. They feature up to 12 Zen 5 CPU cores, 60 TOPS of AI computer and faster memory speeds than before.
- 
She's giving Microsoft credit for pushing AI features and the Copilot+ initiative, which is focused on AI PCs.
- 
- 
She says that AI has helped PCs become more than just tools, they've turned into active participants in our lives.
- 
Now, we're moving onto PCs.
- 
Su says AMD's next-gen MI500 Epyc CPUs will scale AI performance by 1,000x over the next four years.
- 
Jain says that scaling video models will help us to simulate real physical processes in the world. He think it could help us design rockets.
- 
- 
He believes that Luma AI's collaboration with AMD will give it a leg up on the competition.
- 
Today, 60 percent of Luma's growing inference workloads run on AMD cards. (Are AMD's enterprise drivers more stable than their consumer software? I wonder.)
- 
We're looking at how Luma's multi-modal agent can take a look at a script and start to generate ideas for users. Individual creatives, or small teams, will suddenly have the power to do what entire teams of Hollywood creators have been doing, Jain says.
- 
- 
Ray 3 Modify, a new feature in the model, lets customers edit generated and live clips on the fly. He also points out how it's a hybrid form of creation, since many of the clips are based on performances from humans
- 
Jain says he's working with individuals and large companies. ""2025 was the year they started to deploy our models and experiment with them."" Some customers have even pushed it to create a 90-minute feature length movie.
- 
- 
We're seeing clips of what Luma AI's Ray3 model can do, and it sure looks like AI video. But he claims it can generate 4K clips.
- 
Luma AI CEO Amit Jain joins Su on stage to discuss how it's using AI. He says the company's mission is to build multi-modal general intelligence. ""In short, we are modeling and generating worlds,"" he says.
- 
- 
We're briefly looking at AMD's data center portfolio, which goes from hyperscale AI to more demanding sovereign AI HPC.
- 
He thinks that the hardest problem we have, as humans, is to figure out how to use the limited resources we have available. Of course, the president of OpenAI believes AI is worth burning more resources.
- 
Su asks Brockman to explain to people why there's such a need for compute. He says that OpenAI has increased its computing needs 3x every year, for the last few years. And it's also grown its revenue by the same amount. I don't think there's any doubt that high-level AI work will require tons of compute. The question is if that cost is worth it to humanity.
- 
- 
He asked ChatGPT to create a slide showing off what the new AMD GPU can do, compared to the previous gen. The slide looks well-designed, but we can't really check its accuracy in the midst of this presentation.
- 
""What we're really seeing is benefits in people's lives,"" Brockman says. He points to healthcare, claiming that people's lives have been saved by ChatGPT. He recounts one story of an OpenAI employee who was convinced to take her husband back to the hospital for leg pain. He claims it turned out to be deep vein thrombosis.
- 
In addition to Su being very clear, Aaron, it's also much easier to listen to Brockman than Sam Altman. At least this guy seems human.
- 
Brockman notes that people are now using OpenAI's products for more than just text box search, they're also finding personal ways to take advantage of it. (And here's where I point out that's kind of dangerous, especially as people turn to AI for mental health, which has led to some terrible outcomes.)
- 
I will say this is by far the most coherent AI keynote we've seen today. Dr. Su is a much more direct communicator than others and that helps a lot.
- 
""ChatGPT is very much the overnight success that was seven years in the making,"" Brockman says. Now that's a bit hard to compute.
- 
- 
MI455X offers more than a 10x performance increase in some models compared to the previous MI355X. Greg Brockman, the president and co-founder of OpenAI, joins on stage to talk about this new hardware.
- 
Each Helios rack includes more than 18,000 GPU compute units, Su says.
- 
- 
In my years covering AMD's press conferences, I can confirm that Su really loves holding up the company's chips.
- 
Each Helios tray includes four MI455X GPUs. Su is holding up one of those GPU chips, and it looks like a chonkster. There's also the next-gen Epyc CPU, code-named ""Venice.""
- 
Su says the Helios rack weighs nearly 7,000 pounds, or more than two compact cars.
- 
- 
Su is going over the nitty gritty of those Helios systems, which includes the new Instinct MI455 GPU. And it looks like a Helios rack has also hit the stage. It's very very odd to hear exciting music introducing a server rack, as powerful as it may be.
- 
- 
The real challenge, according to Su, is figuring out how to scale AI to Yotta-scale. That's why AMD built Helios, its next-generation platform.
- 
Su says every major AI company uses AMD Epyc CPUs, and most also use AMD's Instinct AI accelerators.
- 
We're starting with the cloud. Su says it's where the largest models are trained. It gives developers instant access to massive compute and an easy way to deploy and scale.
- 
- 
We're going to talk about AI in the cloud, PCs and the edge, Su says. ""You really need to have the right compute for each workload."" So, CPUs, GPUs, NPUs and custom accelerators, all things AMD produces.
- 
""We don't have nearly enough compute for everything we can possibly do,"" Su says. This is a refrain we're hearing from practically every AI company. Now we're talking about YottaFLOPS, a 1 followed by 24 zeroes. She predicts a 10,000x increase in AI compute.
- 
Su predicts the AI industry will grow to more than 5 billion people using it daily within five years.
- 
- 
Su says AMD's technology touches the lives of billions every day. ""AI is the most important technology of the last 50 years, and it's absolutely our number one priority at AMD,"" she says. She's really hammering the idea of AI being everywhere, and for everyone.
- 
""Tonight is all about AI,"" she confirms. But her theme for tonight is also, ""You ain't seen nothin' yet."" We're going to see examples of where AMD believes the AI industry is headed.
- 
- 
AMD CEO Dr. Lisa Su finally hits the stage. She's opting for a sharp blue jacket to compete with NVIDIA CEO Jensen Huang's leather attire.
- 
""Video conceived by humans. Made possible by AI."" Sigh.
- 
- 
Now we're onto a promo video for AMD. And of course, AI seems to be the focus.
- 
Gary is still talking. Come on Gary, let's get to the chips!
- 
Finally, he introduced AMD CEO Dr. Lisa Su. ""Lisa is no stranger to this stage, she has keynoted CES before, and each time she has helped set the tone for the industry and the year ahead,"" he said.
- 
- 
Gary Shapiro, head of the Consumer Technology Association, hits the stage to a lukewarm reception.
- 
This entire promo sounds like was written by AI, honestly.
- 
And we're off. We're watching a CES promo with bombastic music.
- 
We're just a few minutes away, folks. I'm personally interested in seeing how AMD is responding to Intel's Panther Lake announcement from today.
- 
Hey folks, I'm back after fighting through the crowds at NVIDIA. I'll be tuning into the AMD livestream for this liveblog (thankfully), but I'm sure there will still be tons to discuss. For one, I'm intrigued to see how AMD is building on its Ryzen AI Max chips, which it originally debuted last year. At the time, an AMD VP credited Apple's Silicon chips for getting the approval he needed to develop the Ryzen AI Max, an APU combining powerful CPU cores, Radeon GPU cores, an NPU and integrated RAM.
- 
So, what are we expecting from AMD? CES isn't usually a show where the company announces flagship GPUs or entirely new desktop CPU lines. Instead, we usually hear about lower-end graphics cards, laptop chips or upgraded versions of its high-end chips. Rumors have swirled of a Ryzen 9850X3D desktop CPU and new desktop and laptop APUs. Which, low-end GPU aside, would be right in line with expectations.
- 
Next up was AMD's other long-standing rival, Intel, which announced its Core Ultra Series 3 chips. Those are high-end laptop CPUs that are interesting because they're the first built on Intel 18A, the new 2nm-ish process that's supposed to make Intel's chips competitive with the best on the market. To break out an overused adage, only time will tell if 18A lives up to the hype.
- 
If you're keeping count, this is the third chip keynote of the day. NVIDIA kicked things off with a 90-minute conference where CEO Jensen Huang talked a lot about AI, a little about supercomputers and nothing at all about GPUs or the RAM shortage plaguing the PC market.
- 
Right now, Sony's press conference has just started, and we're expecting to see the Afeela EV again. While that is going on, we'll be here prepping this liveblog, getting ready to see AMD CEO Dr. Lisa Su talk about GPUs for a bit. Hopefully that won't take too long.
- 
Hello and welcome to our liveblog of AMD's keynote presentation at CES 2026. It's been a long day, and if you're reading this we're really glad you decided to join us. It's been a long day of press conferences and we appreciate the company.
What to expect from AMD at CES 2026
While AMD says it's keeping its product details under wraps, we can expect ""updates on AI solutions, from cloud to enterprise, edge and devices.""
It's also likely that AMD will unveil its new versions of the Ryzen chips during its keynote on Monday, as Su will talk about the ""advancements driven by Ryzen CPUs."" That could include the Ryzen 7 9850X3D, which is expected to have better single-threaded performance than its predecessors. Additionally, we can expect to see the Ryzen 9000G series, which is potentially built with AMD's Zen 5 architecture.
Regarding AI, AMD could further discuss its new FSR Redstone technology, which it previously previewed on December 10. AMD's upscaling tech aims to close the gap on NVIDIA's DLSS 4, which was announced during CES 2025.
Su's presentation caps off CES's press day, so she'll be taking the stage in the hours after rivals NVIDIA and Intel present their chipmaking and AI plans to the world. As a reminder of how cross-linked these companies have become: OpenAI has pledged billions of dollars of hardware orders to AMD, while rival NVIDIA has invested billions in OpenAI — and taken a stake worth billions in Intel, too.",19567
E007,This Is One of the Best Artificial Intelligence ( AI ) Stocks to Hold for the Next 10 Years,fool.com,20260112T130000Z,English,https://www.fool.com/investing/2026/01/12/best-ai-stocks-hold-for-next-10-years/?source=iedfolrf0000001,"Shares of Nvidia (NVDA +2.30%) trade up 32% over the last year at the time of writing; however, the company has been growing revenue and earnings at a much faster rate. The stock's forward price-to-earnings multiple is 24, which is attractive.
Nvidia's recent announcements at CES 2026 in Las Vegas revealed one important catalyst for the stock heading into the new year, which also highlights why this remains one of the best AI stocks to own for the long term.
Nvidia's innovation is a key advantage
The stock's conservative valuation reflects concerns about increasing competition and overheated spending in AI across the tech sector. However, CEO Jensen Huang sees the AI opportunity just getting warmed up. He noted that there is approximately $10 trillion worth of legacy infrastructure being upgraded to handle the new era of accelerated computing for AI.
Key Data Points
To capitalize on this opportunity, Nvidia continues to stay a step ahead of competitors in the chip market. Its new Rubin AI platform is now in full production. Rubin features six different chips that take computing performance to the next level.
An essential feature of Rubin is that it significantly reduces costs for data centers running large AI workloads. This addresses one weakness in Nvidia's competitive position: Its chips are expensive. Nvidia converts 53% of its revenue into profit. But Rubin shows Nvidia is increasingly focused on lowering the total cost of ownership of its chips, which is strengthening its competitive position.
It's this kind of innovation that will keep Nvidia at the forefront of the AI market, and this is why the stock is a steal right now. Paying 24 times this year's earnings should set the stage for long-term market-beating returns.",1754
E007,Intel Vs . Nvidia At CES 2026 : Two Paths Into The $10 Trillion AI Era,finance.yahoo.com,20260110T130000Z,English,https://finance.yahoo.com/news/intel-vs-nvidia-ces-2026-123108149.html,"CES 2026 put a spotlight on how fractured the AI opportunity really is. On the same stage, Intel Corp (NASDAQ:INTC) and NVIDIA Corp (NASDAQ:NVDA) pitched radically different visions of how they plan to tap what investors broadly frame as a $10 trillion AI era.
One focused on fixing what it lost. The other focused on expanding what it already owns.
Intel's Pitch: AI Starts On Your Laptop
Intel's CES narrative was all about execution. Panther Lake, part of the Core Ultra Series 3 lineup, marked the company's first major chip built on its critical 18A manufacturing process — the node Intel has tied its long-term comeback to.
Don't Miss:
-       Missed Nvidia and Tesla? RAD Intel Could Be the Next AI Powerhouse — Just $0.85 a Share
-       Sam Altman Says AI Will Transform the Economy — This Platform Lets Investors Back Private Tech Early
CEO Lip-Bu Tan's message was practical, not flashy. Faster on-device AI, better gaming performance and all-day battery life aim squarely at reigniting the PC upgrade cycle. With hundreds of laptop designs already in the pipeline, Intel wasn't selling a concept. It was selling volume.
In the AI economy, Intel is targeting scale in terms of millions of devices, not massive data centers.
Nvidia's Play: AI Moves Into The Physical World
Nvidia used CES to reinforce a very different claim on the AI future. Vera Rubin entering production strengthens its grip on AI training, but the bigger signal came from its push into physical AI — systems that can reason, not just process data.
See Also: If there was a new fund backed by Jeff Bezos offering a 7-9% target yield with monthly dividends would you invest in it?
From autonomous driving models to robotics platforms, Nvidia framed AI as something that lives beyond screens and servers. Cars, machines and factories aren't side projects; they're the next growth vectors, per CEO Jensen Huang.
Nvidia isn't just supplying chips — it's embedding itself as the operating system for intelligent systems.
Same Stage, Two AI Economies
While Intel is fighting to reclaim relevance in a massive but clearly defined slice of AI, Nvidia is expanding the market itself. CES 2026 didn't crown a winner — it clarified the battlefield.
In a $10 trillion AI era, both paths matter, but they lead to different destinations.
Read Next:
-       GM-Backed EnergyX Is Solving the Lithium Supply Crisis — Invest Before They Scale Global Production
-       Invest in a Gaming Marketplace Backed by Early Zynga and PayPal Investors— From $300.
Photo: Shutterstock
Up Next: Transform your trading with Benzinga Edge's one-of-a-kind market trade ideas and tools. Click now to access unique insights that can set you ahead in today's competitive market.
Get the latest stock analysis from Benzinga:
This article Intel Vs. Nvidia At CES 2026: Two Paths Into The $10 Trillion AI Era originally appeared on Benzinga.com",2886
E007,"Nvidia announces Alpamayo AI autonomous vehicle open source toolkit , with  humanlike  decision - making",paultan.org,20260107T113000Z,English,https://paultan.org/2026/01/07/nvidia-announces-alpamayo-ai-autonomous-vehicle-open-source-toolkit-with-humanlike-decision-making/,"Nvidia has announced the Alpamayo family of open-source, artificial intelligence models, simulation tools and datasets for reasoning-based autonomous vehicle development. Alpamayo brings together open models, simulation frameworks and datasets into one ecosystem for any automotive developer or research team to build upon, said the firm.
The Alpamayo line introduces chain-of-thought, reasoning-based vision language action (VLA) models that “bring humanlike thinking to autonomous vehicle decision-making,” enabling systems to think through unusual scenarios step-by-step in order to improve autonomous driving capability, says Nvidia.
At CES 2026, Nvidia is releasing Alpamayo 1, a chain-of-thought reasoning VLA model that uses video input to generate courses of action and the reasons behind them. This is joined by AlpaSim, an open-source end-to-end simulation framework that provides realistic sensor modelling, configurable traffic dynamics and scalable closed‑loop testing environments.
Nvidia is also releasing physical AI open datasets containing over 1,700 hours of driving data collected from “the widest range of geographies and conditions”, including real-world edge cases which are essential for advanced reasoning architectures, the firm said.
Companies including Lucid, Jaguar Land Rover, Uber and others are showing interest in Alpamayo for the development of reasoning-based autonomous driving stacks that will enable Level 4 autonomous driving, the technology company has stated. Lucid unveiled its Gravity six-seater robotaxi at the ongoing CES 2026.
“The ChatGPT moment for physical AI is here — when machines begin to understand, reason and act in the real world. Robotaxis are among the first to benefit. Alpamayo brings reasoning to autonomous vehicles, allowing them to think through rare scenarios, drive safely in complex environments and explain their driving decisions — it’s the foundation for safe, scalable autonomy,” said Nvidia founder and CEO Jensen Huang.
The technology firm also announced the debut of its Nvidia Drive AV software with “enhanced Level 2” point-to-point driving assistance, demonstrated in the battery-electric, C174-generation Mercedes-Benz CLA that made its debut in March 2025.
The point-to-point driving assistance allows the vehicle thus equipped to navigate with lane selection, turns and route-following in congested or unfamiliar areas, understand the movements of vulnerable road users such as pedestrians, cyclists and scooter riders and respond accordingly by yielding or stopping to avoid collision, and assist drivers in navigating safely between any address of their choosing, said Nvidia.",2659
E007,Tesla Rival Lucid Unveils Prototype Robotaxi In Collaboration With Uber Amid Strong Q4 Deliveries,finance.yahoo.com,20260107T210000Z,English,https://finance.yahoo.com/news/tesla-rival-lucid-unveils-prototype-203113870.html,"Lucid Group Inc. (NASDAQ:LCID) on Monday unveiled a prototype of its new Robotaxi built in collaboration with ride-hailing giant Uber Technologies Inc. (NYSE:UBER) and Nuro Inc.
Lucid Unveils Robotaxi Prototype
The automaker revealed the prototype, based on its Gravity SUV, at the Consumer Electronics Show (CES) 2026. The prototype features cameras, radars, as well as LiDAR sensors. Lucid revealed that the sensors are placed in a ""halo"" structure on the roof of the vehicle, like Alphabet Inc.-owned(NASDAQ:GOOGL) (NASDAQ:GOOG) Waymo's autonomous vehicles.
Don't Miss:
-       Missed Nvidia and Tesla? RAD Intel Could Be the Next AI Powerhouse — Just $0.85 a Share
-       GM-Backed EnergyX Is Solving the Lithium Supply Crisis — Invest Before They Scale Global Production
Lucid also shared that the company intends to start production at its Arizona facility later this year, with the company targeting a San Francisco Bay Area launch for the Robotaxi service sometime in 2026, Lucid said. The Robotaxi will also rely on Nvidia Corp.'s (NASDAQ:NVDA) DRIVE AGX Thor technology, which is a part of the chipmaker's DRIVE Hyperion platform.
Lucid Deliveries
The news comes amid a strong performance by the automaker in the fourth quarter of 2025. Lucid shared that it delivered over 15,841 vehicles in 2025, signifying a 55% surge in its deliveries compared to 2024.
On the production side, Lucid said it produced 18,378 vehicles last year, a 104% increase.
Lucid's Robotaxi Operations
The company aims to deploy over 20,000 Gravity Robotaxis across multiple cities in the U.S. over the next five years. The Robotaxis are expected to be available to customers via the Uber app.
Elon Musk Weighs In On Nvidia Self-Driving Tech
Nvidia unveiled its latest self-driving technology at CES 2026, touting a vision-language-action (VLA) approach to self-driving. Tesla Inc. (NASDAQ:TSLA) CEO Elon Musk wished the chipmaker the very best, but added that self-driving technology could be hard to expand.
Read Next:
-       If there was a new fund backed by Jeff Bezos offering a 7-9% target yield with monthly dividends would you invest in it?
-       Missed the AI Boom's Biggest IPOs? This Platform Lets Everyday Investors Access Private Tech Early
Photo courtesy: Shutterstock
Up Next: Transform your trading with Benzinga Edge's one-of-a-kind market trade ideas and tools. Click now to access unique insights that can set you ahead in today's competitive market.
Get the latest stock analysis from Benzinga:
This article Tesla Rival Lucid Unveils Prototype Robotaxi In Collaboration With Uber Amid Strong Q4 Deliveries originally appeared on Benzinga.com",2649
E007,"CES 2026 : GIGABYTE is AI Forward , Showcasing AI Factory , Physical AI , and Agentic AI Solutions",finanznachrichten.de,20260106T003000Z,English,https://www.finanznachrichten.de/nachrichten-2026-01/67359929-ces-2026-gigabyte-is-ai-forward-showcasing-ai-factory-physical-ai-and-agentic-ai-solutions-004.htm,"GIGABYTE Technology, a global leader known for its engineering excellence in high-performance computing and AI servers, continues to strengthen its position as one of Taiwan's most AI-centric server innovators. At CES 2026, GIGABYTE is to present its complete computing ecosystem under the theme AI Forward
This press release features multimedia. View the full release here: https://www.businesswire.com/news/home/20251224890815/en/
CES 2026: GIGABYTE is ""AI Forward,"" Showcasing AI Factory, Physical AI, and Agentic AI Solutions
Build Future-Ready AI Factory
GIGABYTE introduces its one-stop AI data center solution with GIGAPOD, a modular ""Building-Block Design"" that integrates high-performance servers, high-speed networking, and GIGABYTE POD Manager (GPM) software, streamlining AI infrastructure design, deployment, and validation-accelerating the creation of enterprise AI Factories.
At the core, GIGAPOD deploys G4L4/G4L3 direct-liquid-cooling servers supporting Intel Xeon 6 processors and based on NVIDIA HGX B300 systems, and AMD EPYC 9005/9004 processors with AMD Instinct MI355X accelerators. These servers balance extreme compute density with advanced thermal efficiency. In addition, GIGABYTE introduces an in-house Rack Management Switch that centralizes management for up to eight DLC racks within a compact 1U form factor. It supports multi-vendor CDU communication protocols and precise leak detection, significantly enhancing system reliability and management efficiency-establishing a new benchmark for intelligent, scalable AI data centers.
GIGABYTE further expands its server families for data centers at all scales. The flagship NVIDIA Grace Blackwell Ultra NVL72-a rack-level compute node with 72 NVIDIA Grace CPUs, complemented by NVIDIA Quantum-X800 InfiniBand and NVIDIA Spectrum-X Ethernet networking, can deliver up to 50× inference performance compared with the previous NVIDIA Hopper generation.
For training, simulation and high-volume inference, GIGABYTE presents the G894-SD3-AAX7 and XL44-SX2-AAS1 supercomputers, accelerated by NVIDIA HGX B300 and NVIDIA RTX PRO 6000 Blackwell Server Edition GPUs respectively. Both are equipped with dual Intel Xeon 6 processors, DDR5 memory, and high-speed InfiniBand/Ethernet connectivity, while integrating NVIDIA BlueField-3 DPUs to enhance data security and computational efficiency. The W775-V10-L01 workstation brings server-class GPU performance and closed-loop liquid cooling to creators and small enterprises deploying on-prem AI workflows.
Compact Edge Solutions for Physical AI
GIGABYTE extends AI from data centers to real-world operations through its embedded systems and industrial PCs-built for environments where low latency, reliability, and 24/7 edge inference are critical. At CES, this vision takes shape through a smart warehouse showcase featuring:
- compact edge computers for high TOPS AI inference,
- low-power embedded systems for AGV/AMR fleet coordination,
- industrial PCs for robotic arms and conveyor systems, and
- versatile designs with rich I/O for sensors and machine vision.
These solutions enable AI to think and act where data is created, marking a key step toward Physical AI.
Shape Everyday AI Agent
As the world enters the era of Agentic AI, GIGABYTE introduces the AI TOP series, the AI TOP ATOM, AI TOP 100 Z890, and AI TOP 500 TRX50, premium AI-empowered desktop computers that enable local LLM/LMM inference, fine-tuning, and RAG applications using standard electrical systems, ensuring private, secure, and affordable computing. Beyond exceptional hardware, GIGABYTE also introduces the AI TOP Utility software, which simplifies setup, offers an intuitive interface, and streamlines AI workflows for model management and deployment.
GIGABYTE also expands AI-optimized client computing with laptops integrated with the GiMATE AI companion, delivering on-device assistance for creators and professionals. The new AORUS RTX 5090 AI BOX, featuring Thunderbolt 5 connectivity and the GeForce RTX 5090 GPU, enables notebook users to access near-desktop AI and graphics performance.
  		LVCC North Hall, Booth #8519
https://www.gigabyte.com/Events/CES  	
View source version on businesswire.com: https://www.businesswire.com/news/home/20251224890815/en/
Contacts:
Michael Pao brand@GIGABYTE.com",4306
E008,Google new Gemini 3 . 5 Flash promises better coding and agents,androidauthority.com,20260519T183000Z,English,https://www.androidauthority.com/google-gemini-3-5-flash-3668559/,"Gemini 3.5 Flash is here: Google's smartest speed model promises better coding and agents
May 19, 2026 — 1:45 PM ET
- At Google I/O 2026, Google has introduced the Gemini 3.5 family of AI models, starting with Gemini 3.5 Flash.
- Gemini 3.5 Flash is said to be four times faster than competing frontier models and outperforms Gemini 3.1 Pro on coding and agentic benchmarks.
- Gemini 3.5 Flash is rolling out globally as the default model for billions of users in the Gemini app and Google Search.
Gemini is one of the best AI models around, with each release being widely applauded for pushing the envelope of what end users can achieve with AI. Google released Gemini 3 in November 2025, followed by Gemini 3.1 in February 2026. Today at Google I/O 2026, Google is releasing Gemini 3.5 to the world, starting with Gemini 3.5 Flash, which is already rolling out to billions of users globally.
Google says the latest Gemini 3.5 family of AI models combines frontier intelligence with action. This means users can expect these models to not only execute advanced reasoning and deep logical thinking, but also move towards autonomously executing long-horizon tasks.
Don’t want to miss the best from Android Authority?
- Set us as a favorite source in Google Discover to never miss our latest exclusive reports, expert analysis, and much more.
- You can also set us as a preferred source in Google Search by clicking the button below.
Gemini 3.5 Flash: Features and highlights
Google claims that Gemini 3.5 Flash delivers intelligence that rivals large flagship models on multiple dimensions, at the speeds users have come to expect from the Flash series. It’s also the company’s strongest agentic and coding model yet, outperforming even Gemini 3.1 Pro on challenging coding and agentic benchmarks. When looking at output tokens per second, it is four times faster than other frontier models.
The balance of speed and performance makes Gemini 3.5 Flash ideal for tackling long-horizon agentic tasks. It can rapidly plan, build, and iterate to solve real-world problems, whether it’s developing new applications, maintaining codebases, or preparing financial documents.
Gemini 3.5 Flash also generates richer, more interactive web UIs and graphics.
Google says that Gemini 3.5 as a whole is less likely to generate harmful content and mistakenly refuse to answer safe queries. Google achieves this with new, more advanced safety training and mitigations, including interpretability tools that help check and understand the AI’s inner reasoning before it responds.
Gemini 3.5 Flash is already rolling out
Gemini 3.5 Flash is available today to billions of people globally through the Gemini app and AI Mode in Google Search, where it is the default model.
For developers, Gemini 3.5 Flash is available in Google Antigravity (Google’s agentic development platform) and in the Gemini API for Google AI Studio and Android Studio. It is also available to enterprise users via the Gemini Enterprise Agent Platform and Gemini Enterprise.
Google is also using Gemini 3.5 Flash in Gemini Spark, a personal AI agent that runs 24/7 to help you navigate your digital life, taking actions on your behalf under your direction. Gemini Spark is rolling out to trusted testers today, with a wider beta arriving for Google AI Ultra subscribers in the US next week.
Gemini 3.5 Pro is coming soon too
Google also mentioned that it is already hard at work on Gemini 3.5 Pro. Employees are using the Pro model internally, and Google hopes to roll it out next month.",3540
E008,"Google announces Gemini 3 . 5 update with agentic AI features , coding upgrades and faster performance",moneycontrol.com,20260520T043000Z,English,https://www.moneycontrol.com/technology/google-announces-gemini-3-5-update-with-agentic-ai-features-coding-upgrades-and-faster-performance-article-13924397.html,"Up to ₹50 lakhs | Starts at 9.99%
Google has announced the Gemini 3.5 series at its I/O 2026 event, introducing new agentic AI capabilities, improved coding performance and faster response speeds. The company has started the rollout with Gemini 3.5 Flash, which is now available through the Gemini app, AI Mode in Google Search, Google AI Studio and enterprise platforms.
According to Google, Gemini 3.5 is designed to handle long-horizon tasks and complex workflows with improved reasoning and execution abilities. The update focuses on combining advanced intelligence with action-oriented AI systems that can complete multi-step tasks.
Gemini 3.5 Flash rollout
Google said Gemini 3.5 Flash is available globally for users through the Gemini app and AI-powered Search experiences. Developers can access the model through Google AI Studio, Android Studio and Gemini API tools.
The company also confirmed that Gemini 3.5 Pro is currently being tested internally and is expected to roll out next month.
Focus on coding and agentic workflows
Google claims Gemini 3.5 Flash delivers better coding and agentic task performance compared to earlier Gemini models. The company highlighted benchmark improvements across coding, multimodal understanding and workflow execution tasks.
One of the key additions is support for collaborative subagents through Google’s Antigravity platform. These AI agents can work together on large-scale workflows, including code migration, document analysis, research tasks and UI generation.
Google demonstrated several use cases during I/O 2026, including converting legacy applications to modern frameworks, creating interactive web interfaces and generating animations from research papers.
New AI experiences coming to Search and Gemini
Gemini 3.5 Flash is also powering new AI experiences inside Google Search and the Gemini ecosystem. Google introduced Gemini Spark, a personal AI agent that can operate continuously and perform tasks on behalf of users under supervision.
The company said Gemini Spark will initially roll out to selected testers before expanding to Google AI Ultra subscribers in the US.
Google also showcased AI-generated interactive graphics and dynamic interfaces built using Gemini 3.5 capabilities.
Safety and availability
Google said Gemini 3.5 was developed under its Frontier Safety Framework. The company claims the model includes stronger safeguards against harmful outputs and improved refusal handling for safe queries.
Gemini 3.5 Flash is now available through Gemini Enterprise, Google AI Studio, Android Studio, Google Search AI Mode and the Gemini app globally.
Find the best of Al News in one place, specially curated for you every weekend.
Stay on top of the latest tech trends and biggest startup news.",2769
E008,Google launches Gemini 3 . 5 Flash . How to try it for free . ,mashable.com,20260519T194500Z,English,https://mashable.com/article/google-io-2026-gemini-35-flash,"Google just unveiled a new family of models for Gemini at its annual Google I/O developers conference: Gemini 3.5.
The first model will be Gemini 3.5 Flash, a new AI model that's available now at no cost to billions of people around the world.
In the keynote address of Google I/O 2026, Google CEO Sundar Pichai announced that Gemini 3.5 flash is launching immediately via the Gemini app and other Google products. Google also announced that a new frontier AI model, Gemini 3.5 Pro, would be released in June.
You May Also Like
""We are also excited for 3.5 Pro,” said Sundar Pichai, CEO of Google and Alphabet, at a pre-Google I/O media briefing. “We are using it internally. It's showing great improvements. We are still testing and refining it, and it will roll out to everyone next month.""
Introducing Gemini 3.5 Flash from Google
Starting Tuesday, Gemini 3.5 Flash will become the default model for both the Gemini app and AI Mode worldwide. Google leaders said the new model excels at coding, better supports AI agents, and uses tokens more efficiently.
Mashable 101 Fan Fave: Vote for your favorite creator today!
Gemini 3.5 Flash is the first model in the 3.5 family, and Google says it outperforms Gemini 3.1 Pro on most benchmarks while also delivering much faster performance. In a blog post announcing the new model, Google said Gemini 3.5 Flash is four times faster than other frontier models in output tokens per second (TPS). This AI performance metric measures response speed.
""[Gemini] 3.5 Flash is especially good when deploying multiple agents simultaneously and completing long-running tasks with massive improvements in coding and tool use,"" said Koray Kavukcuoglu, CTO of Google DeepMind and Chief AI Architect at Google, at a media briefing. ""It can independently execute complex coding pipelines or manage iterative research projects entirely by itself. We have even managed to successfully test it by having our agents build a working operating system entirely from scratch.""
Because of its massive customer base and the ubiquity of Google Search, Google has major advantages in the AI arms race. In the past year, Gemini has grown significantly. The Gemini AI chatbot now has 900 million monthly active users, up from 400 million at this time last year, according to Google.
Like other Big Tech companies, Google has invested hugely in AI infrastructure. This year, Pichai said the company's capital expenditures would reach $180 to $190 billion, up from $31 billion in 2022, before the launch of ChatGPT.
Are you an Apple superfan? Enter Mashable’s Big Guessing Game to win prizes.
How to try Gemini 3.5 Flash
Gemini 3.5 Flash is generally available starting today.
You can access the model through a variety of Google products, including:
- Gemini app on iOS, Android, and desktop
- Google AI Mode
- Google Antigravity
- The Gemini API in Google AI Studio and Android Studio
- Gemini Enterprise Agent Platform
- Gemini Enterprise
Looking for more Google I/O announcements? Follow the Mashable Google I/O live blog to see all of the latest news on Gemini, Chrome, and Android.
Timothy Beck Werth is the Tech Editor at Mashable, where he leads coverage and assignments for the Tech and Shopping verticals. Tim has over 15 years of experience as a journalist and editor, and he has particular experience covering and testing consumer technology, smart home gadgets, and men’s grooming and style products. Previously, he was the Managing Editor and then Site Director of SPY.com, a men's product review and lifestyle website. As a writer for GQ, he covered everything from bull-riding competitions to the best Legos for adults, and he’s also contributed to publications such as The Daily Beast, Gear Patrol, and The Awl.
Tim studied print journalism at the University of Southern California. He currently splits his time between Brooklyn, NY and Charleston, SC. He's currently working on his second novel, a science-fiction book.",3952
E008,Google introduces Gemini 3 . 5 Flash with 4x faster intelligence for scaling complex agentic tasks,fonearena.com,20260520T060000Z,English,https://www.fonearena.com/blog/483149/google-gemini-3-5-flash-features.html,"Google has introduced Gemini 3.5, its latest family of models that combines frontier intelligence with action. The company is kicking off the series with Gemini 3.5 Flash, which it says delivers strong performance for agents and coding while handling complex long-horizon tasks faster and more efficiently.
Gemini 3.5 Flash: Built for Speed and Agentic Tasks
Google says Gemini 3.5 Flash is its strongest agentic and coding model yet. It outperforms Gemini 3.1 Pro on challenging benchmarks, including Terminal-Bench 2.1, GDPval-AA, MCP Atlas and CharXiv Reasoning. The company also says the model is 4 times faster than other frontier models when it comes to output tokens per second.
The model is designed to sit in the top-right quadrant of the Artificial Analysis index, combining high intelligence with exceptional speed. Google says this means developers no longer have to choose between quality and latency.
Better for Long-Horizon Work
This model is tailor-made for long-horizon agentic tasks, where it can help developers and enterprises plan, build, and iterate more quickly. It can be used to develop new applications, maintain codebases, and even help prepare financial documents.
When paired with the updated Antigravity harness, Gemini 3.5 Flash can also deploy collaborative subagents to handle complex workflows at scale. Google says it can reliably execute multi-step tasks under supervision while maintaining frontier-level performance.
The model also builds on Gemini 3’s multimodal foundation to generate richer web UIs, interactive graphics and dynamic visual experiences. Google showed examples such as automated asset categorisation and interactive animations for research content.
Powering Gemini Spark and Search
Gemini 3.5 Flash is now the default model for the Gemini app and AI Mode in Search globally. Google says it is also powering new experiences across Search, including information agents and more dynamic generative UI features.
The newly announced Gemini Spark personal AI agent also uses Gemini 3.5 Flash. Spark runs 24/7 and can take action on the user’s behalf under supervision. Gemini Spark is rolling out to trusted testers today, with beta access for Google AI Ultra subscribers in the US next week.
Availability
Gemini 3.5 Flash is available today across the Gemini app, AI Mode in Search, Google Antigravity, Gemini API in Google AI Studio and Android Studio, as well as Gemini Enterprise and the Gemini Enterprise Agent Platform.
Gemini 3.5 Pro is already being used internally and will roll out next month.
Commenting on the announcement of the Gemini 3.5 family, executives at Google DeepMind said,
Today, we’re introducing Gemini 3.5, our latest family of models combining frontier intelligence with action. This represents a major leap forward in building more capable, intelligent agents. We’re kicking off the series by releasing 3.5 Flash. It delivers frontier performance for agents and coding, excelling at complex long-horizon tasks that deliver real-world utility.",3021
E008,"Google I / O 2026 : Gemini app gets Gemini 3 . 5 Flash , Spark AI agent and new Omni video tools",moneycontrol.com,20260520T043000Z,English,https://www.moneycontrol.com/technology/google-gemini-app-to-get-gemini-3-5-flash-spark-and-four-more-ai-features-article-13924399.html,"Up to ₹50 lakhs | Starts at 9.99%
Google has announced a major update for the Gemini app at Google I/O 2026, introducing new AI-powered features across Android, iOS and macOS. The company said the upgrades are aimed at transforming Gemini from a chatbot into a more proactive digital assistant capable of handling tasks in the background.
The update includes the new Gemini 3.5 Flash model, Gemini Spark AI agent, Gemini Omni video tools, Daily Brief assistant, a redesigned interface and a dedicated macOS app.
Gemini 3.5 Flash powers the new Gemini app
Google introduced Gemini 3.5 Flash as the first model in its Gemini 3.5 family. The company said the model is designed for faster responses, improved coding capabilities and handling complex workflows.
According to Google, Gemini 3.5 Flash focuses on speed and efficiency while supporting tasks such as real-time problem solving, coding assistance and long-horizon AI workflows.
Gemini Spark works in the background
Another major announcement is Gemini Spark, a cloud-based AI agent designed to work continuously in the background. Unlike traditional chatbots that require direct prompts, Spark can monitor tasks and complete actions under user instructions.
Google said Spark can scan monthly bank statements to identify recurring subscriptions, organise information from Gmail and Workspace apps, and generate consolidated updates for users.
The company also confirmed that Spark is integrated with Workspace tools including Gmail, Docs and Slides.
Gemini app redesign and Omni tools
Google is also redesigning the Gemini interface with what it calls “Neural Expressive.” The updated design includes new animations, interactive visuals, dynamic graphics and voice improvements for longer conversations without interruptions.
The company added that regional dialect support will also arrive soon.
Another new addition is Gemini Omni, a creative AI feature capable of generating cinematic videos from text or image prompts. Users will also be able to edit videos, swap backgrounds and create AI avatars through conversational prompts.
Daily Brief and macOS app
Google also announced Daily Brief, an AI-powered morning assistant that summarises emails, calendar events and tasks while suggesting next steps based on user activity.
For macOS users, Google confirmed a dedicated Gemini desktop app that will support Spark integration and advanced voice-based document creation features.
Find the best of Al News in one place, specially curated for you every weekend.
Stay on top of the latest tech trends and biggest startup news.",2582
E008,Google thinks Gemini 3 . 5 Flash can finally make AI agents more useful,androidcentral.com,20260519T211500Z,English,https://www.androidcentral.com/apps-software/google-thinks-gemini-3-5-flash-can-finally-make-ai-agents-more-useful,"What you need to know
- Google is now rolling out Gemini 3.5 Flash globally across the Gemini app, AI Mode in Search, Google AI Studio, Android Studio, and enterprise platforms.
- Google says Gemini 3.5 Flash beats Gemini 3.1 Pro in several coding and reasoning benchmarks, including Terminal-Bench 2.1, GDPval-AA, and MCP Atlas.
- The company claims Gemini 3.5 Flash generates responses four times faster than rival frontier AI systems while maintaining high-end performance.
Google is pushing Gemini into a much more agentic future, and this time around the company wants to sell more than just raw speed. Google says its latest AI model, called Gemini 3.5 Flash, is designed to address complex workflows, multi-step tasks, and coding jobs that previously needed much larger and slower models.
Unveiled at today's Google I/O event, Gemini 3.5 Flash is now rolling out globally through the Gemini app and AI Mode in Google Search, with developers and enterprise customers able to access through Google Antigravity, Google AI Studio, Android Studio, and Gemini Enterprise tools.
3.5 Pro is coming next month
Google has also teased Gemini 3.5 Pro, but that version is still in testing internally and is expected to launch sometime next month.
To give you some context, Google's Flash models have always focused on performance versus speed and not on chasing pure benchmark dominance. Gemini 3.5 Flash, though, sounds like Google's attempt to eliminate that compromise altogether. The company claims that the model does better than Gemini 3.1 Pro on various tests for decision-making and coding, like Terminal-Bench 2.1, GDPval-AA, and MCP Atlas, and it also does well on tests for understanding different types of information, such as CharXiv Reasoning.
Google also claims that the model produces output four times faster than competing frontier AI systems. The company says Gemini 3.5 Flash is particularly strong at “long-horizon” tasks, meaning workflows that require sustained reasoning across multiple steps. In practical terms, Google believes the model can help developers build apps faster, maintain codebases more efficiently, and even assist financial teams with document preparation in a fraction of the time older workflows required.
A key part of that strategy is Google Antigravity, the company's agentic development platform. When paired with Gemini 3.5 Flash, Google says the platform can deploy collaborative subagents capable of tackling large-scale workloads under human supervision. The company also says the enhanced model’s stronger multimodal capabilities allow it to generate richer web interfaces and more dynamic graphics.
Google is already building those agentic ambitions right into consumer products. At Google I/O, the company announced Gemini Spark, a personal AI agent built on top of the new model, as Gemini 3.5 Flash rapidly becomes the model of choice for powering the Gemini app and AI Mode in Search globally.
Get the latest news from Android Central, your trusted companion in the world of Android
According to Google, Gemini Spark is designed to run continuously in the background, helping users manage digital tasks and take actions under their direction. Starting today, trusted testers are getting access, and Google AI Ultra subscribers in the US should see the beta rollout next week.
As AI systems gain more autonomy, Google will have to face more scrutiny on safety. The company says Gemini 3.5 was developed under its Frontier Safety Framework and has enhanced cyber and CBRN protections. As a result, the model is better at refusing to produce harmful responses while reducing unnecessary refusals to safe prompts. Some of that is reportedly due to newer interpretability tools that help explore the model’s internal reasoning before it answers.
Gemini 3.5 Flash is accessible across Google’s AI ecosystem, including the Gemini app, AI Mode in Search, Google AI Studio, Android Studio, and enterprise platforms.
Android Central's Take
Tech companies love to promise frictionless automation until the moment the AI breaks something important or misunderstands a simple request. The Gemini 3.5 Flash sounds impressive on paper, particularly in terms of its speed and coding improvements, but putting more control in the hands of AI systems also means users will have to trust Google a lot more than they used to. And honestly, after years of companies trying to hype up AI features that sometimes feel half-baked at launch, I think a little skepticism is still healthy here.
Jay Bonggolto always keeps a nose for news. He has been writing about consumer tech for as long as he can remember, and he has used a variety of Android phones since falling in love with Jelly Bean. Send him a direct message via X or LinkedIn.
You must confirm your public display name before commenting
Please logout and then login again, you will then be prompted to enter your display name.",4914
E008,Google Says Gemini 3 . 5 Flash Rivals  Large Flagship Model For Coding And Agentic Tasks,engadget.com,20260519T181500Z,English,https://www.engadget.com/2176592/google-says-gemini-3-5-flash-rivals-large-flagship-models-for-coding-and-agentic-tasks/,"Google says Gemini 3.5 Flash rivals 'large flagship models' for coding and agentic tasks
It can complete tasks in a ""fraction of the time"" of other frontier models, Google claims.
Google has unveiled Gemini 3.5, starting with the Gemini 3.5 Flash model that promises to outperform Gemini 3.1 Pro in real-world agentic and coding tasks. ""3.5 Flash delivers frontier-level intelligence at exceptional speed — proving you no longer have to trade quality for latency.""
Announced at Google I/O 2026, this will be Google's default AI model (not to be confused with Flash-Lite), designed to deliver better speed than the current Gemini Pro models at a more affordable price. The tradeoff is lower performance than the 3.5 Pro model (coming next month) in tasks that require deep reasoning and high-context understanding.
However, Google has reduced the compromise between the Pro and Flash models, saying Gemini 3.5 Flash ""delivers intelligence that rivals large flagship models on multiple dimensions."" It outperforms the current Gemini 3.1 Pro model on coding and agentic benchmarks like Terminal-Bench 2.1 (76.2 percent), MCP Atlas scaled tool use (83.6 percent) and multimodal understanding with 84.2 percent on CharXiv Reasoning. From an output tokens-per-second standpoint, it's four times faster than other frontier models, according to Google.
All of that makes 3.5 Flash ideal for long-horizon agentic tasks, completing what used to take weeks in ""a fraction of the time,"" Google wrote. ""Under supervision, it can reliably execute multi-step workflows and coding tasks while sustaining frontier performance."" It added that partners, including banks and fintechs, have used it to automate multi-week workflows.
Google noted that 3.5 Flash is now the default model for the Gemini app and for AI Mode in Search worldwide. The personal AI agent Gemini Spark, rolling out to testers today, also runs on 3.5 Flash. At the same time, Google said it strengthened Gemini 3.5's cyber and CBRN (chemical, biological, radiological, nuclear) safeguard so it's less likely to generate harmful content (or mistakenly refuse to answer safe queries). Google detailed the new model's enhanced agentic coding capabilities in a new blog post.
Gemini 3.5 Flash is now ""generally available via Google Antigravity, the Gemini API in Google AI Studio and Android Studio, Gemini Enterprise Agent Platform and Gemini Enterprise. It's also now available to everyone in the Gemini app and AI Mode in Search,"" Google said.
There's no word yet on pricing for paid tiers. As for Gemini 3.5 Pro, Google said: ""It's already being used internally, and we look forward to rolling it out next month.""",2666
E008,Google just launched Gemini 3 . 5 Flash here all the upgrades,tomsguide.com,20260519T201500Z,English,https://www.tomsguide.com/ai/google-just-launched-gemini-3-5-flash-and-gemini-spark-changes-what-ai-assistants-can-do,"Google’s vision for AI is undergoing a massive shift. Today, Google introduced Gemini 3.5 Flash as the latest in their family of models combining frontier intelligence with action. The faster and smart model delivers frontier performance for agents and coding, while excelling at complex long-horizon tasks that deliver real-world utility.
This launch marks a next-generation leap, one that's built entirely around “agentic workflows.” According to Google, the company wants AI to stop behaving like a chatbot you constantly have to manage, and start acting more like an invisible digital layer that can independently complete complex tasks from start to finish.
The next wave of AI at a glance
One thing Google has made clear: Gemini 3.5 is built for action rather than simply conversation. Instead of simply generating text or summarizing information, Gemini 3.5 Flash is designed to execute multi-step workflows, maintain software projects, prepare documents, coordinate “subagents” and handle longer-running tasks with far less human oversight.
According to Google, the model outperforms Gemini 3.1 Pro on several coding and agentic benchmarks, including Terminal-Bench 2.1 and MCP Atlas, while also dramatically reducing response latency. That's incredibly important because AI agents often feel frustratingly slow.
While tools from companies like OpenAI, Anthropic and Meta can already perform surprisingly advanced workflows, many still feel clunky when juggling multiple steps, browsing tools, or reasoning through complex tasks. Google promises that Gemini 3.5 Flash removes that tradeoff between reasoning power and responsiveness.
Google Spark proactively assists with workflows
But today, Gemini Spark may be the even bigger story. The persistent AI agent designed to quietly run in the background, takes actions on your behalf while remaining under your supervision.
According to Google, Spark can proactively assist with workflows, coordinate tasks and function more like an always-on digital layer than a standalone chatbot. Trusted testers will receive access first, with a broader rollout to Google AI Ultra subscribers in the U.S. expected next week.
Sign up to the Tom's AI Guide weekly newsletter summing up all the biggest AI news you need to know. Plus, analysis from our AI editors and tips on how to use the latest AI tools!
The industry has swifty moved beyond building the smartest chatbot to building the most capable AI Agent that becomes the invisible operating layer for your digital life. This includes options such as managing schedules, organizing documents, automating repetitive work, coordinating apps and eventually making decisions with minimal prompting.
A dramatic shift from where AI was even a year ago
The first wave of generative AI was about proving models could generate human-like responses. The next phase is about turning those models into autonomous systems capable of executing tasks across your digital environment.
That’s why terms like “agentic AI,” “subagents” and “ambient intelligence” are suddenly appearing everywhere across Silicon Valley.
With AIG, safety concerns are often top of mind. But Google plans to emphasize safety and says Gemini 3.5 was developed under its Frontier Safety Framework, including expanded cyber and CBRN safeguards designed to reduce harmful outputs while minimizing unnecessary refusals on safe prompts.
That balancing act has become increasingly important as AI systems become more autonomous and capable of taking real-world actions. Additionally, the company also confirmed that Gemini 3.5 Pro — the larger and more capable version of the model family — is already being used internally and is expected to launch publicly next month.
If Gemini 3.5 Flash is about proving speed and responsiveness, Gemini 3.5 Pro may ultimately show how far Google believes autonomous AI systems can actually go.
Bottom line
Gemini 3.5 Flash is generally available today via the Gemini app and AI Mode in Google Search.
With this launch, the company is betting that the future of AI isn’t a tool you constantly open and prompt, but an always-present system quietly managing the chaos of digital life in the background.
And after years of AI being framed as a smarter search box, that may be the biggest shift yet.
Follow Tom's Guide on Google News and add us as a preferred source to get our up-to-date news, analysis, and reviews in your feeds. Subscribe to Tom's Guide on YouTube and follow us on TikTok.
More from Tom’s Guide
Amanda Caswell is the AI Editor at Tom's Guide and one of today’s leading voices in AI and technology. 
A celebrated contributor to various news outlets, her sharp insights and relatable storytelling have earned her a loyal readership. Amanda’s work has been recognized with prestigious honors, including outstanding contribution to media.
Known for her ability to bring clarity to even the most complex topics, Amanda seamlessly blends innovation and creativity, inspiring readers to embrace the power of AI and emerging technologies.
As a certified prompt engineer, she continues to push the boundaries of how humans and AI can work together.
Beyond her journalism career, Amanda is a long-distance runner and mom of three. She lives in New Jersey.
You must confirm your public display name before commenting
Please logout and then login again, you will then be prompted to enter your display name.",5402
E008,All the Gemini announcements from Google I / O 2026,mashable.com,20260520T000000Z,English,https://mashable.com/tech/all-the-gemini-announcements-google-io-2026,"The Google I/O 2026 keynote is now in the books, and Google had a lot to share. The entire keynote event lasted nearly two hours and was full of new product and feature announcements.
With all that was unveiled at I/O, AI was clearly Google's focus, with news about Gemini taking center stage.
Here's everything Google announced about Gemini at I/O 2026.
You May Also Like
Gemini 3.5
Google announced a new family of AI models, Gemini 3.5, at I/O 2026. The first model to launch is Gemini 3.5 Flash, with Gemini 3.5 Pro rolling out next month.
According to Google, Gemini 3.5 Flash is four times faster than other frontier models in output tokens per second (TPS), which measures a model's response time. Google says it also outperforms most frontier models on key benchmarks, including Gemini 3.1 Pro.
During the keynote, Google announced that Gemini 3.5 Flash is now the default model powering the Gemini app and Google search's AI Mode.
Gemini Omni
Gemini 3.5 wasn't the only new family of models announced at I/O 2026. Google also announced Gemini Omni, a new world model. At the end of the keynote, Google DeepMind CEO Demis Hassabis described Omni as a pivotal step toward artificial general intelligence, or AGI.
The first model in the family, Gemini Omni Flash, was showcased at the event.
According to Google, unlike text-to-video AI models, Gemini Omni is multi-modal in both input and output. Users can input text, audio, images, and video into the model when crafting their prompt and, utilizing Gemini's ""real-world knowledge,"" Omni will generate realistic and scientifically accurate content.
Gemini Omni Flash rolls out today to paid Google AI Plus, Pro, and Ultra subscribers within the Gemini app and Google Flow. Gemini Omni Flash will also launch in YouTube Shorts and the YouTube Create app at no cost to users later this week.
Gemini Spark
Gemini Spark is easily the most ambitious product revealed at I/O. Google is calling Spark ""your personal AI agent"" and integrates with Google's suite of products, and eventually with more than 30 third-party tools via MCP, such as Adobe, Dropbox, and Uber.
Acting as an AI agent, Spark can pull together relevant emails from your inbox and files from Docs in order to craft an update for your boss.
Notably, Spark runs entirely within the cloud and doesn't require any hardware.
Google AI Ultra subscribers in the U.S. will see Gemini Spark roll out inside Gmail and Chat in the next week.
Google AI subscription changes
Speaking of the Google AI Ultra subscription, the company announced that it's lowering the starting price for its Ultra subscription to $200 per month and introducing a lower-cost $99 per month Ultra tier.
Previously, users had to pay a whopping $250 per month to access the latest Gemini features such as AI Inbox.
Neural Expressive
Finally, the Gemini app is getting a new design language, which Google calls Neural Expressive. The new design language includes more fluid animations, haptic feedback, and vibrant colors, per Google. Neural Expressive also integrates the Gemini Live voice experience into the core UI, meaning users no longer have to switch back and forth.
Google says it's rolling out globally on Gemini's desktop, Android, and iOS apps.
Are you an Apple superfan? Enter Mashable’s Big Guessing Game to win prizes.",3316
E008,Gemini is getting a redesign and an even smarter new model,theverge.com,20260519T194500Z,English,https://www.theverge.com/tech/933699/google-gemini-redesign-ai-3-5-flash-io-2026,"Google is announcing some big upgrades for Gemini at Google I/O, including a new design language for the app and a more intelligent 3.5 Flash model.
Gemini is getting a redesign and an even smarter new model
The new ‘Neural Expressive’ look and 3.5 Flash model are rolling out today.
The company calls the new design language for Gemini “Neural Expressive,” which it says features “fluid animations, vibrant colors, new typography and haptic feedback.” It features a big “Ask Gemini” bar that’s easy to tap to start a conversation, and you’ll also see a slight gradient blue from the bottom — gradients, after all, are kind of Google’s thing right now.
Along with the new design language, Google is baking Gemini Live, which lets you have a back-and-forth voice conversation with Gemini, right into the core Gemini chat flow. Just press the Gemini Live button on the right side of the Ask Gemini bar to swap into Live mode, no separate screen required. And Google says that Gemini will create “tailored responses” that include things like images, timelines, and videos instead of just responding with a bunch of text.
The Neural Expressive design language is starting to roll out on Tuesday on Android, iOS, and the web.
As for its Gemini 3.5 Flash model, Google is touting its agentic and coding capabilities, calling it the company’s “strongest” model yet on those fronts. It says the model’s “balance of speed and performance” makes it a good choice for “tackling long-horizon agentic tasks.”
Gemini 3.5 Flash is becoming the default model in Gemini and in AI Mode starting today. Gemini 3.5 Flash is the model behind the new Gemini Spark AI agent for consumers, which was also announced today. And Google is promising that it’s working on Gemini 3.5 Pro, which it plans to roll out in June.",1794
E008,gemini 3 . 5 : Inside Google I / O 2026 : How are Gemini 3 . 5 Flash and Gemini Omni changing AI ? ,economictimes.indiatimes.com,20260519T194500Z,English,https://economictimes.indiatimes.com/news/international/us/inside-google-i/o-2026-how-are-gemini-3-5-flash-and-gemini-omni-changing-ai/articleshow/131209922.cms,"At the center of the announcements were Gemini 3.5 Flash, a new lightweight AI model, and Gemini Spark, an AI agent built to actively assist users across apps and services. The company also introduced Gemini Omni, a video-focused model that can edit and transform footage through simple conversation prompts. The updates signal Google’s biggest push yet to turn AI from a search tool into a constant digital assistant.
Why is Google pushing harder into AI now?
Google used its I/O developer conference to showcase an aggressive expansion of its AI ecosystem as pressure grows from rivals OpenAI and Anthropic. Both companies are reportedly preparing for public offerings, while investors continue pouring billions into advanced AI development, as per several reports by Google, CNBC and Engadget.
Google also confirmed that Gemini 3.5 Flash will now become the default model powering both the Gemini app and AI Mode in Search globally.
“You no longer have to trade quality for latency,” Google said in a blog post while discussing the updated system.
The company added that the model has improved cybersecurity protections and is now “less likely to generate harmful content and mistakenly refuse to answer safe queries.”
What makes Gemini 3.5 Flash different?
Google is positioning Gemini 3.5 Flash as its strongest agentic and coding model so far. The company said the model performs especially well in long and complex workflows that previously required heavy human involvement.
According to Google, 3.5 Flash can rapidly plan, build and iterate on tasks ranging from software development to financial document preparation.
The company also claimed the model performs four times faster than other frontier AI systems when measuring output tokens per second, as per several reports by Google, CNBC and Engadget.
Google said the balance between speed and performance makes Gemini 3.5 Flash especially useful for AI agents that need to complete multi-step assignments under supervision.
The company noted that developers can already access the model through Google Antigravity, Gemini API in Google AI Studio, Android Studio and Gemini Enterprise services.
Meanwhile, Google confirmed that Gemini 3.5 Pro, its heavier and more advanced version, is currently being used internally and will launch more broadly next month.
ALSO READ: Nancy Guthrie case takes another twist: Why has the sheriff stopped speaking directly to Nancy Guthrie’s family? here's what you need to know
What is Gemini Spark designed to do?
One of the most closely watched announcements from the event was Gemini Spark, Google’s new personal AI agent. The company described Spark as a general-purpose AI assistant capable of reasoning across connected applications while helping users manage digital tasks.
Google said the system is meant to “take action on your behalf while under your direction.”
Spark runs on Gemini 3.5 Flash and is designed to remain active continuously, helping users navigate their online lives with minimal input.
The feature is initially launching in beta form for trusted testers and Google AI Ultra subscribers in the United States starting next week.
As more users shift toward chatbot-based experiences instead of traditional web search, Google appears focused on turning Gemini into a deeper everyday assistant rather than just a search enhancement.
ALSO READ: Fidelity Investments data breach settlement with up to $5,000 compensation for affected customers- here's who can file a claim
How does Gemini Omni edit videos?
Google also introduced Gemini Omni, a new AI model focused heavily on video generation and editing.
The company described Omni as a “world model” capable of simulating physical environments and predicting realistic actions based on user prompts.
Unlike earlier systems that mainly relied on text prompts, Gemini Omni can work using images, audio, video and text together.
ALSO READ: China wouldn't let Marco Rubio in, so he did something nobody in US politics has ever done
Google said users can upload a real video and simply ask Omni to change what happens inside it.
“Take a video you shot and just ask Omni to change what’s happening,” Google explained. “Edit the action, add in new characters or objects.”
The company said Omni better understands concepts like gravity, fluid dynamics and motion physics, allowing scenes to appear more realistic.
Google also claimed the tool can generate educational explainers and storytelling visuals using short prompts.
Initially, Omni Flash is rolling out to Google AI Plus, Pro and Ultra subscribers globally, while YouTube Shorts and YouTube Create users will begin receiving access this week.
Google said all AI-generated videos created with Omni will include its SynthID digital watermark system for identification purposes.
The company acknowledged ongoing concerns surrounding AI-generated content and said some advanced editing functions involving speech and audio are still being tested “responsibly.”
While Google made ambitious promises about realism and creativity, the company also faces skepticism from users who often criticize AI video tools for producing “uncanny valley” results.
Still, the latest announcements, Google is no longer treating AI as an experimental side project. With Gemini Spark, Gemini Omni and Gemini 3.5 Flash, the company is trying to reshape how people search, create, work and interact online every day.
FAQs
What is Gemini Spark?
Gemini Spark is Google’s new AI agent that can take actions across connected apps under user direction.
What does Gemini Omni do?
Gemini Omni can create and edit videos using text, audio, images and video inputs.
(Catch all the US News, UK News, Canada News, International Breaking News Events, and Latest News Updates on The Economic Times.)
Download The Economic Times News App to get Daily International News Updates.
(Catch all the US News, UK News, Canada News, International Breaking News Events, and Latest News Updates on The Economic Times.)
Download The Economic Times News App to get Daily International News Updates.",6066
E008,Google launches Gemini 3 . 5 Flash to push AI agents deeper into enterprise workflows,infoworld.com,20260520T150000Z,English,https://www.infoworld.com/article/4174031/google-launches-gemini-3-5-flash-to-push-ai-agents-deeper-into-enterprise-workflows.html,"Google has launched Gemini 3.5 Flash, a new AI model designed to support agentic workflows across its products and enterprise platforms, as the company looks to move generative AI beyond chatbot-style interactions and deeper into business operations.
The model, announced at the annual Google I/O developer conference, is available through the Gemini app, AI Mode in Google Search, Google Antigravity, the Gemini API in Google AI Studio and Android Studio, Gemini Enterprise Agent Platform, and Gemini Enterprise.
In a blog post, Google said Gemini 3.5 Flash is built for tasks including software development, financial document preparation, customer onboarding, OCR, tax workflows, and data diagnostics.
Google also sought to position the model as a faster alternative to larger flagship systems. It described Gemini 3.5 Flash as its strongest model yet for agentic and coding tasks, claiming it outperforms Gemini 3.1 Pro on benchmarks including Terminal-Bench 2.1, GDPval-AA, and MCP Atlas.
The company also said the model leads in multimodal understanding, with a score of 84.2% on CharXiv Reasoning.
“When looking at output tokens per second, it is 4 times faster than other frontier models,” Google added.
Google also said it worked with industry partners to develop the Gemini 3.5 model series, adding that they “are seeing meaningful impact — from banks and fintechs automating multi-week workflows to data science teams unearthing insights amidst complex data environments.”
Gemini’s enterprise test
Analysts said Gemini 3.5 Flash should be seen less as an improved chatbot and more as part of Google’s push to build AI agents that can carry out enterprise tasks under supervision.
“Google’s speed, cost, and performance improvements matter because many AI pilots fail when they become too slow or expensive at scale,” said Pareekh Jain, CEO of Pareekh Consulting. “Faster and cheaper models could make AI agents practical for real business operations like coding, support, analytics, and automation.”
But CIOs should focus not only on model costs, but also on the cost of completing a workflow, such as resolving a claims exception, reviewing a contract, triaging a service incident, or moving a software fix through testing and approval, according to Sanchit Vir Gogia, chief analyst at Greyhound Research.
“Vendor benchmarks test capability. Enterprise pilots test survivability,” Gogia said.
Neil Shah, vice president for research at Counterpoint Research, said that enterprise goals are also changing. “The enterprise objective has been evolving from summarizing a document or answering prompt-based questions or basic code generation to deploying supervised, autonomous background workers directly into core business workflows,” Shah said.
That raises the question of whether Google can make agentic AI reliable enough for production use, not just faster or cheaper to run.
As AI agents move from passive assistants to active participants in business processes, enterprises will also need stronger controls over how they operate, said Anushree Verma, senior director analyst at Gartner.
“Enterprises face a new set of challenges as AI agents are adopted across business systems, for example, what actions are agents authorized to perform and under what circumstances,” Verma said.
The risks extend beyond operational errors. Agents operating across multiple systems could widen the attack surface, creating new entry points for attackers and increasing the chance that malicious prompts or data trigger unintended actions, she said.
“Accountability, auditability, explainability are going to be key concerns as well, and observability starts becoming very critical as you deploy more agents,” Verma added. “There are more issues that need to be handled with agents rapidly getting adopted, which can create an agent sprawl.”
Addressing those risks will require IT, security, compliance, and business teams to work together and invest in tools and processes built for AI-driven automation, Verma said.",4015
E008,"Google I / O 2026 : From AI agents to smart glasses , here are the biggest announcements",indianexpress.com,20260520T014500Z,English,https://indianexpress.com/article/technology/tech-news-technology/google-i-o-2026-gemini-biggest-annoucements-10698450/,"Google I/O 2026 marked one of the company’s biggest AI-focused events yet, with Google unveiling a sweeping lineup of Gemini-powered products, agentic AI systems, developer platforms and futuristic hardware designed to push AI beyond chatbots and into everyday digital life. From the launch of Gemini 3.5 Flash and the new Gemini Spark AI agent to AI-powered Search upgrades, intelligent smart glasses, generative video creation tools and advanced scientific research assistants, Google positioned Gemini at the centre of nearly every product across its ecosystem.
The company also introduced major updates for Workspace, Android XR, Google AI Studio, Antigravity and Google Flow, alongside new AI commerce tools such as Universal Cart and agentic shopping experiences. New creative tools like Gemini Omni and Google Pics aim to simplify video and image generation, while Neural Expressive redesigns the Gemini app experience with dynamic visuals and conversational interactions. Google additionally highlighted new AI transparency initiatives, enterprise-grade research tools under Gemini for Science, and AI-powered coding systems aimed at accelerating software development and automation workflows.
Google has introduced Gemini 3.5, its latest family of AI models focused on combining “frontier intelligence” with advanced agentic capabilities. The first release, Gemini 3.5 Flash, is designed for complex multi-step workflows, coding, automation, and real-world AI tasks while delivering significantly faster performance than rival frontier models. Google says the model excels in coding, multimodal reasoning, and long-horizon task execution, with applications ranging from app development and financial document preparation to enterprise automation.
Gemini 3.5 Flash also powers new AI experiences across the Gemini app, Google Search, and the upcoming Gemini Spark personal AI agent. The company highlighted stronger safety protections, enhanced cyber safeguards, and improved AI transparency. Gemini 3.5 Flash is now available globally through the Gemini app, AI Mode in Search, Google AI Studio, Android Studio, and enterprise platforms, while Gemini 3.5 Pro is expected next month.
Google has announced a major upgrade to the Gemini app at I/O 2026, introducing more proactive AI-powered features, a redesigned interface, and new agentic capabilities. The update includes Gemini 3.5 Flash, Google’s latest fast-performing AI model, alongside a refreshed “Neural Expressive” design language with fluid animations, richer visuals, and integrated conversational voice interactions. Google also unveiled Gemini Omni, a new multimodal AI tool capable of generating and editing cinematic-quality videos using text, image, and video prompts. Another key addition is Daily Brief, an AI agent that creates personalised morning summaries using Gmail, Calendar, and other connected apps. Google also introduced Gemini Spark, a cloud-based 24/7 AI agent that can automate recurring tasks, organise workflows, monitor emails, and interact with connected services like Canva and OpenTable. Many of the new features will initially roll out to Google AI Plus, Pro, and Ultra subscribers, while a macOS Gemini desktop app with advanced voice features is also launching later this year.
Google has announced a major overhaul of Search at I/O 2026, introducing new AI-powered features designed to make Search more conversational, proactive, and agentic. The company is upgrading AI Mode with Gemini 3.5 Flash as the default model globally, alongside what it calls the biggest redesign of the Search box in over 25 years. The new AI-powered Search box supports text, images, videos, files, and Chrome tabs while offering contextual suggestions and conversational follow-ups. Google is also introducing “Search agents,” which can continuously monitor the web, news, shopping, finance, and sports updates for users and send personalised alerts or recommendations.
Search is additionally gaining agentic booking tools for services, local experiences, and shopping tasks. Google also previewed AI-generated mini apps and dashboards powered by Google Antigravity, enabling Search to build custom trackers, visual simulations, and interactive tools on demand. Expanded Personal Intelligence support will also allow users to securely connect Gmail, Photos, and Calendar for more context-aware Search experiences across nearly 200 countries and 98 languages.
Google has unveiled Gemini Spark, a new always-on AI agent designed to move Gemini beyond answering questions and into actively completing tasks on a user’s behalf. Powered by Gemini 3.5 and Google’s Antigravity framework, Spark integrates deeply with Workspace apps like Gmail, Docs, and Slides, allowing it to automate recurring workflows, summarise meeting notes, monitor inboxes, and generate reports or emails in the background. Google says Spark can continue working even when a device is locked or offline. The company is also expanding integrations with services like Canva, OpenTable, and Instacart. Spark will begin rolling out to trusted testers and Google AI Ultra subscribers in the US.
Google has introduced Gemini Omni, a new multimodal AI model family designed to generate and edit content from text, images, audio, and video inputs, starting with video creation. The first model, Gemini Omni Flash, is rolling out to the Gemini app, Google Flow, YouTube Shorts, and YouTube Create. Google says Omni combines Gemini’s reasoning abilities with generative media tools, allowing users to edit videos conversationally while maintaining scene consistency, physics, and character continuity across multiple prompts.
The model can generate videos grounded in real-world knowledge, create explainers, apply styles and effects, and combine multiple input formats into cohesive outputs. Google is also introducing AI-generated digital avatars based on users’ voices and likenesses, while embedding SynthID watermarks into all AI-generated videos for transparency and verification.
Google has announced major developer-focused upgrades centred around Gemini 3.5 Flash, its new high-speed AI model designed for agentic workflows and coding tasks. The company says the model delivers frontier-level performance while operating four times faster than rival frontier AI systems. Alongside the model, Google introduced Antigravity 2.0, a standalone desktop app for orchestrating multiple AI agents, as well as new command-line and SDK tools for developers. Google is also launching Managed Agents in the Gemini API, allowing developers to deploy AI agents capable of reasoning, using tools, and executing code in isolated environments with a single API call.
The company further expanded Google AI Studio with native Android app generation, Workspace integrations, Play Console publishing support, and a new mobile app for rapid prototyping on the go. Google also announced a new $100-per-month AI Ultra subscription tier with higher usage limits for Antigravity tools. To encourage AI development, the company unveiled the Build with Gemini XPRIZE Hackathon, featuring a $2 million prize pool for developers building AI-powered applications using Gemini models and tools.
Google has unveiled Universal Cart at Google I/O 2026, an AI-powered shopping hub designed to make online purchases smarter and more proactive. Powered by Gemini and Google’s Shopping Graph of over 60 billion product listings, Universal Cart works across Search, Gemini, YouTube, and Gmail, automatically tracking deals, price drops, stock alerts, and compatibility issues for products added to the cart. Google says the system can even recommend alternatives and identify hidden savings using Google Wallet data like loyalty rewards and payment perks. The company also expanded its Universal Commerce Protocol (UCP) and introduced the Agent Payments Protocol (AP2), enabling secure AI-assisted purchases with user-defined spending limits and verification safeguards. Universal Cart will begin rolling out in the U.S. this summer.
Google has announced a major set of AI-powered upgrades for Workspace at I/O 2026, introducing new voice-driven productivity tools, an AI image editor called Google Pics, smarter inbox management, and deeper Gemini integration. Gmail, Docs, and Keep are gaining conversational “Live” features that let users search emails, brainstorm documents, and organise notes using natural voice commands. Google also unveiled Google Pics, a new AI image generation and editing app powered by Nano Banana, offering object editing, text translation inside images, collaborative canvases, and direct integration with Slides and Drive.
Gmail’s AI Inbox is expanding with contextual draft replies, surfaced file links, and improved task management tools. Google additionally confirmed that Gemini Spark, its new 24/7 AI agent, will integrate with Workspace apps to automate tasks and assist with emails, documents, and scheduling under user control.
Google has introduced Daily Brief, a new Gemini-powered AI agent designed to deliver a personalised morning summary of everything users need to know for the day. Once enabled, Daily Brief works across connected apps like Gmail and Calendar to gather urgent emails, upcoming events, reminders, and relevant follow-up information into a single easy-to-read briefing. Unlike a standard summary tool, it actively prioritises tasks based on user goals and even suggests immediate next steps. Users can also refine recommendations over time using simple feedback controls. Daily Brief is rolling out first to Google AI Plus, Pro, and Ultra subscribers in the US.
At Google I/O 2026, Google unveiled its upcoming intelligent eyewear platform built on Android XR, introducing AI-powered smart glasses developed in partnership with Samsung, Gentle Monster, and Warby Parker. The first products will be audio-focused smart glasses arriving later this fall, with future models also featuring built-in displays. Powered by Gemini AI, the glasses allow users to get directions, send texts, manage calls, translate speech in real time, snap and edit photos, and interact with apps using voice commands without needing to take out their phone.
Google says the glasses can understand what users are looking at, provide contextual information about surroundings, and assist with tasks such as food ordering, navigation, and ride booking. Features include hands-free messaging, live translations, camera-based AI queries, and integrations with apps like Uber, DoorDash, and Mondly. The glasses will support both Android and iOS devices as Google expands its vision for always-available AI-powered wearable computing.
At Google I/O 2026, Google introduced Docs Live, a new AI-powered feature for Google Docs that can transform spoken thoughts into structured written content. Designed as a conversational writing assistant, the tool lets users freely dictate ideas while AI organizes them into outlines, drafts, tables, and formatted documents. With user permission, Docs Live can also pull context from connected Google services like Gmail, Drive, and Chat, as well as information from the web, to refine generated text. Google positions the feature as a faster, more natural way to brainstorm and draft content using voice rather than prompts. Docs Live will launch this summer for Google AI Pro and Ultra subscribers.
Google has unveiled Neural Expressive, a major redesign of the Gemini experience focused on making AI interactions more dynamic and conversational. The new interface introduces fluid animations, vibrant visuals, updated typography, and haptic feedback across web, Android, and iOS. Google has also integrated Gemini Live directly into the main Gemini experience, allowing users to switch seamlessly between typing and natural voice conversations. The updated microphone system is designed to better handle free-flowing speech without interruptions, while future updates will add support for regional dialects. Gemini responses are also becoming more interactive, with AI-generated visuals, timelines, narrated videos, and dynamic graphics replacing traditional text-heavy outputs.
Google has announced major upgrades to Stitch at I/O 2026, turning the AI design tool into a real-time collaborative platform powered by the Stitch Agent. Users can now create and refine designs using text prompts, voice commands, existing codebases, or design files, making the workflow more natural and interactive. Stitch can instantly generate shareable links through Google AI Studio, while completed projects can be exported to Google Antigravity for backend integration or published directly to the web using Netlify. Google says the new features are aimed at simplifying rapid prototyping and live collaborative design.
Google has introduced Managed Agents in the Gemini API, allowing developers to launch AI agents with a single API call using the Antigravity agent powered by Gemini 3.5 Flash. The system runs in isolated Linux cloud environments where agents can reason, use tools, browse the web and execute code. Developers can also create custom agents using markdown-based AGENTS.md and SKILL.md files instead of complex orchestration code. Sessions remain persistent across interactions, preserving files and context. Managed Agents will be available through the Gemini API, Google AI Studio and Gemini Enterprise Agent Platform, helping developers build scalable production-grade AI agents faster and with less infrastructure overhead.",13514
E008,Google launches  biggest  Search revamp in 25 years with Gemini,siliconrepublic.com,20260520T110000Z,English,https://www.siliconrepublic.com/business/google-launches-biggest-search-revamp-in-25-years-with-gemini,"The new upgrade allows users to ask follow-up questions in Search.
Google Search is getting what the company called its “biggest” revamp in 25 years with a Gemini 3.5 Flash integration, as AI-powered search quickly gains popularity among consumers.
The first in the Gemini 3.5 series, Flash is now the default model for the Gemini app and ‘AI Mode’ in Search globally, Google said at its annual I/O conference yesterday (19 May).
Gemini 3.5 Flash outperforms Gemini 3.1 Pro on coding and agentic benchmarks, while hitting speeds four-times faster than other frontier models, the company said.
“What used to take a developer days or an auditor weeks, 3.5 Flash can now help complete in a fraction of the time, often at less than half the cost of other frontier models,” Google said in a blogpost. Gemini 3.5 Pro, meanwhile, is expected to launch next month.
Available wherever Google AI Mode is, the Flash upgrade allows users to search across modalities, using text, images, files, videos or Chrome tabs as inputs. The new upgrade also allows users to ask follow-up questions in search.
‘Information agents’ – AI agents that operate in the background, continuously reasoning – alongside upgraded agentic booking capabilities will allow users to, for example, monitor rental listings as they emerge.
Google is also expanding ‘personal intelligence’ in AI Mode to nearly 200 countries, enabling users to connect apps such as Gmail and Google Photos to give Gemini more personal context.
Meanwhile, Search is getting an integration with Google Antigravity, the company’s agentic development platform, allowing users to generate tailored outputs.
Google’s AI Mode has surpassed 1bn monthly users, with queries more than doubling every quarter since launching a year ago, the company said.
The company’s results reflect findings from an October report by consulting firm McKinsey which found that 50pc of consumers already used AI-powered search in 2025, with the figure set to rise to 75pc by 2028. The BBC last year reported that large language models were fast gaining momentum in search.
Meanwhile, despite Claude being one of Gemini’s biggest competitors, Google last month said that it would invest up to $40bn in its maker Anthropic.
As part of the deal, Anthropic has agreed to tap 3.5GW of Google’s tensor processing unit capacity from Broadcom, while the two also have a deal which will see Google Cloud providing 5GW of computing capacity to Anthropic over the next five years.
Don’t miss out on the knowledge you need to succeed. Sign up for the Daily Brief, Silicon Republic’s digest of need-to-know sci-tech news.",2622
E010,Kate Middleton Wows in a Fantastic Wide - Brim Straw Hat,harpersbazaar.com,20260325T214500Z,English,https://www.harpersbazaar.com/celebrity/latest/a70846793/princess-kate-middleton-wide-brim-straw-hat-archbishop-canterbury-service-photos/,"Princess Kate tends to keep her style demure and classically regal, but once in a while, she’ll surprise us with a striking color or bold accessory. Today, she did the latter, as she joined husband Prince William at Canterbury Cathedral while wearing a fabulous wide-brim hat.
The piece in question was a black-and-white houndstooth-inspired straw boater hat made British milliner Juliette Botterill. The design had sculptural sash detail and a brim so ample it almost entirely shaded Kate’s face. The Princess of Wales wore the hat to the side, perfectly styled to accompany her elaborate chignon bun.
Kate paired the accessory with a black-and-white houndstooth coat by British label Suzannah London. It was a sophisticated double-breasted piece with sharp shoulders and black lining. Two black buttons placed high at the waist held it together. The royal loves a statement outerwear moment, and in this case, she seemed to wear her coat over a flowy black midi dress, the skirt of which peeked out from underneath as she walked.
Pointy black patent-leather pumps (a diversion from her usual suede) completed the look. As for jewelry, Kate also went bold, choosing a pair of white-pearl cluster earrings—each shaped like a large flower. Around her neck, she wore a diamond-studded cross.
The princess wore the stunning ensemble to the installation of Dame Sarah Mullally as the 106th Archbishop of Canterbury. Several other members of the royal family, as well as the prime minister, dignitaries, faith leaders, and school children, were among the more than 2,000 guests present during the historic service, which saw Mullally—who worked as a nurse before becoming ordained—become the first woman to be appointed leader of the Church of England.",1747
E010,Royal Editor opinion : Prince William proves he doing things his own way,hellomagazine.com,20260330T100000Z,English,https://www.hellomagazine.com/royalty/892348/prince-william-doing-things-his-way/,"It’s been a telling week for the Prince of Wales. Over the course of a couple of days, he gave a clear sense of how he will approach his next role. And crucially, how he intends to do it in his own way.
First came a serious step on the path towards the throne. William and Catherine attended the installation of the new Archbishop of Canterbury, Dame Sarah Mullally, at Canterbury Cathedral (hat tip, by the way to the Princess’s incredible hat).
It was hugely significant, not just because Archbishop Sarah was making history as the first woman ever to hold the role, but also because she may eventually also become the first ever woman to crown a monarch at William’s coronation.
William will, in time, become Supreme Governor of the Church of England, so this is a relationship that really matters.
It helps that he has already struck up a warm rapport with Archbishop Sarah - aided by their shared love of Aston Villa. But they also share a desire to make the Church feel more accessible and relevant to the society it serves.
Which brings us to William’s own approach to faith.
We are told that William’s is a “quiet faith” and that while he may not attend church as frequently as his father King Charles or grandmother Queen Elizabeth II, he is nevertheless committed to the institution and wants to strengthen his bond with it.
It’s a mindset that perhaps better reflects society’s changing attitudes towards religion. For William, it is clearly something that is personal, rather than performative and he is not interested in pretending otherwise.
The Prince has said himself that change is on his agenda, “change for good,” and he firmly believes that institutions must evolve to stay meaningful.
The Church of England will remain central to his future role. Constitutionally, it has to be. But how he expresses his own relationship with it will look different to what we’ve seen from previous generations of royals.
Back in uniform
This more modern approach was visible again when William headed to Wiltshire to visit the Mercian Regiment. Here, the future Commander-in-Chief of the Armed Forces was on more familiar ground.
William’s connection to the military runs deep - shaped by his personal experience since his time at Sandhurst and active service with both the Army and the RAF, and also through his family’s longstanding tradition of support for the military community.
But what stood out during his visit was not just that continuity, but the tone of his interactions. There was warmth, ease, and a genuine sense of connection.
There were jokes about shaving off his beard to match current trends among soldiers and a comforting arm wrapped around the mother of a young serviceman recently returned from a deployment to Estonia.
He also spent time with women soldiers, asking them what more needed to be done to support them.
This is a Colonel-in-Chief who doesn’t just turn up for the big ceremonial engagements, but genuinely cares and empathises with the men and women who populate the regiment. He’s been in their shoes, even if he was not allowed to serve on the frontline.
Royal with a small ‘r’
It’s this blend of empathy and approachability that increasingly defines William’s style.
He has talked about wanting to “do royal with a small r” and this week felt like a very clear example of what that actually looks like in practice. Less distance and deference, more connection and genuine interaction, along with a strong desire to make a difference.
One final moment from the week really underlines this approach. Like his father Charles, William is a keen letter writer and often reaches out to people, if he is moved by their story. The latest is the US skier Lindsey Vonn, whose Olympic dream was shattered last month by a devastating crash, after which she narrowly avoided losing a leg.
The Prince happened to be watching the Milano-Cortina Games when it happened, and quietly wrote to wish her well. The story only emerged because she chose to share it in an interview.
And that, for me, sums it up. William is doing things quietly, thoughtfully, with empathy - and resolutely in his own way.
Read this week’s full magazine, plus every issue of HELLO!, HELLO! Fashion and our special editions in your HELLO! VIP member area.",4259
E010,Sarah Mullally Makes History as First Female Archbishop of Canterbury,gulfnews.com,20260326T094500Z,English,https://gulfnews.com/world/europe/a-historic-first-who-is-new-archbishop-of-canterbury-sarah-mullally-1.500486764,"Former nurse and first woman archbishop takes charge as Anglican Church faces pressure
Sarah Mullally has begun her public ministry as the first female Archbishop of Canterbury, marking a historic moment for the Church of England and the global Anglican Communion. The 63-year-old former nurse and midwife was formally enthroned at Canterbury Cathedral, becoming the 106th holder of the role that dates back more than 1,400 years.
Her appointment comes at a critical time for the church, which is facing internal divisions and ongoing scrutiny over its handling of abuse cases. Mullally takes over following the resignation of Justin Welby in 2024, after criticism of the church’s response to past abuse allegations.
Sarah Mullally is a former nurse and senior church leader who has now become the first woman to serve as Archbishop of Canterbury.
Born in 1962 in Woking, southwest of London, she spent more than three decades in Britain’s National Health Service. She rose to become chief nursing officer for England at the age of 37, the youngest person to hold the post.
She was ordained as a priest in 2002 and later became Bishop of London in 2018 — one of the most senior positions in the Church of England.
Mullally is the first woman to lead the Church of England and the global Anglican Communion in the role’s 1,400-year history.
While some Anglican churches have allowed women bishops for decades, the Church of England only began ordaining women as priests in 1994 and allowed women bishops from 2015.
Her appointment is widely seen as a milestone in the church’s gradual move towards gender inclusion.
Age: 63
Birthplace: Woking, southwest London
Current role: 106th Archbishop of Canterbury
Historic first: First woman to lead the Church of England
Previous role: Bishop of London (since 2018)
Early career:
Worked over 30 years in the UK’s National Health Service
Became chief nursing officer for England at age 37 — youngest ever
Ordained ministry:
Ordained as priest in 2002
Became bishop in 2015
Key priorities:
Strengthening safeguarding systems
Supporting abuse survivors
Rebuilding trust in the church
Global role:
Spiritual leader of more than 85 million Anglicans worldwide
The Archbishop of Canterbury is the most senior bishop in the Church of England and is widely regarded as the spiritual leader of Anglicans worldwide.
The Anglican Communion is a global network of churches with more than 85 million members.
The role combines two key responsibilities:
Bishop of the Diocese of Canterbury
Symbolic head of the worldwide Anglican Communion
Although Mullally formally became archbishop in January, her public ministry began with a traditional enthronement ceremony at Canterbury Cathedral.
In line with centuries-old tradition, she knocked three times on the cathedral’s west door before being admitted. The ceremony included her being seated in two thrones symbolising her dual role.
Around 2,000 people attended, including members of the British royal family and international church representatives.
Justin Welby resigned in November 2024 following criticism over the Church of England’s handling of abuse allegations.
A report found that the church had covered up a serial abuse case from the 1970s and that Welby failed to report the abuse when he became aware of it in 2013.
His resignation intensified calls for accountability and reform within the church.
Mullally takes over at a time of significant strain within the Anglican Communion.
The church is divided over:
The role of women in leadership
LGBTQ+ issues
Handling of abuse cases
Some global Anglican leaders have openly opposed her appointment, reflecting deep theological differences across regions.
Mullally has made safeguarding and accountability central to her leadership.
She said she would “do all I can to ensure that the Church becomes safer and also responds well to victims and survivors of abuse.”
She also said the church was “seeking to become more trauma informed, listening to survivors and victims of abuse.”
In her first sermon as archbishop, Mullally struck a hopeful tone focused on faith and resilience.
“We walk with God – trusting that God walks with us,” she said. “Trusting that - in all that we face, in the sorrow and the challenges as much as in the joy and the delight – we do not walk alone.”
She also highlighted the importance of everyday acts of kindness within the church.
As Archbishop of Canterbury, Mullally becomes one of the most recognisable Christian leaders in the world.
Her leadership will influence not just the Church of England, but also the direction of the global Anglican Communion, which spans multiple continents and cultures.
Her appointment signals both continuity and change — a historic breakthrough on gender, alongside the challenge of rebuilding trust and unity within a divided church.
- with inputs from AFP and AP",4868
E010,Kate Middleton Wears a Statement Wide - Brimmed Hat for the Installation of the New Archbishop of Canterbury,townandcountrymag.com,20260325T161500Z,English,https://www.townandcountrymag.com/society/tradition/a70844857/kate-middleton-statement-hat-archbishop-of-canterbury-installation-photos/,"The Princess of Wales chose a statement wide-brimmed hat today as she and Prince William attended the installation of the new Archbishop of Canterbury. Kate teamed the black and ivory hat by milliner Juliette Botterill with a smart coat by Suzannah London as she William joined the service to symbolically mark the beginning of Archbishop Sarah Mullally’s tenure. Mullally is the 106th Archbishop of Canterbury, and makes history as the first woman to hold the role.
Kate’s hat appears to be the Houndstooth Straw Boater, listed on Juliette Botterill’s website as an “elegant boater hat, crafted from black and ivory houndstooth straw” and “adorned with a single ostrich quill.” The site describes it as being “the ideal accessory for weddings, races, garden parties, and other formal events.”
William and Kate are representing King Charles, who holds the role of Supreme Governor of the Church of England, at today’s service. The monarch does not typically attend the Archbishop’s installation; in 2013 and 2003 then Prince Charles represented his mother Queen Elizabeth at the installations of the two previous Archbishops.
William and Kate are among 2,000 guests at the 1,400-year-old Cathedral today. Other guests include Prime Minister Sir Keir Starmer, key figures from Parliament, religious leaders including representatives from the Vatican, and representatives from the Commonwealth, United Nations, charities, healthcare and schools.
Prince William will one day replace his father as Supreme Governor of the Church of England. There has long been speculation about his approach to this role, as unlike his father and late grandmother he is not a regular churchgoer.
Ahead of today’s installation, the Prince’s aides were moved to comment on his relationship with his Christian faith. “The Prince of Wales’s commitment to the Church of England is sometimes quieter than people expect, and for that reason it is not always fully understood,” an aide told the Sunday Times. The BBC reported that the Prince was keen to “build a strong and meaningful bond with the Church and its leadership, one that respects tradition while speaking to a modern Britain.”
Archbishop Mullally took on her role in January, however the installation marks the symbolic start of her tenure. The Church of England outlines how the service will see her be installed in two special chairs, “First as Archbishop of Canterbury in the ‘Quire Cathedra’ and then in the ancient chair of St Augustine, as a sign of her role as Primate of All England and ‘primus inter pares’ (first among equals) of the Anglican Communion.”
William and Kate met with the new Archbishop last month at her London home of Lambeth Palace. At the time, the couple was said to be looking forward to spending time with her and building a strong working relationship with her.
The Archbishop’s relationship with the sovereign goes all the way back to the year 597 when Saint Augustine travelled to England from Rome, met with King Ethelbert of Kent, and became the first Archbishop of Canterbury.
Town & Country Contributing Editor Victoria Murphy has reported on the British Royal Family since 2010. She has interviewed Prince Harry and has travelled the world covering several royal tours. She is a frequent contributor to Good Morning America. Victoria authored Town & Country book The Queen: A Life in Pictures, released in 2021.",3385
E010,Prince William invites  sticky situation  with King over odd stance,thenews.com.pk,20260330T043000Z,English,https://www.thenews.com.pk/latest/1397111-prince-william-invites-sticky-situation-with-king-over-odd-stance,"Prince William invites ‘sticky situation’ with King over odd stance
Prince William is urged to be more vocal about the love of Christianity
Prince William is misunderstood when it comes to faith, says an expert
The Prince of Wales, who is not a frequent church goer like his father King Charles or grandmother, Queen Elizabeth II, holds faith dear like his ancestors.
The conversation arises as William attends the enthronement of the new Archbishop of Canterbury, Dame Sarah Mullally.
Commenting that William should be more open about his faith, royal correspondent, Jennie Bond, told the Mirror : ""I think it will only become a sticky situation if the Church chooses to make it one. I admire William’s honesty about his beliefs.
""He may not have the same deep faith of his grandmother or the spirituality of his father, but he has made it clear that he recognises the importance of the Church and that he is committed to building “a strong and meaningful bond”
""We know that William is not a regular churchgoer. But he is perfectly aware that one day he will be the Supreme Governor of the Church of England and hold the title Defender of the Faith. He’s not daft,” she noted.",1178
E010,Sarah Mullally becomes first woman Archbishop of Canterbury in 1400 years ; take a look,hindustantimes.com,20260328T064500Z,English,https://www.hindustantimes.com/htcity/leisure/sarah-mullally-becomes-first-woman-archbishop-of-canterbury-in-1400-years-princess-catherine-prince-williams-101774594011411.html,"Sarah Mullally becomes first woman Archbishop of Canterbury in 1400 years; take a look
In a landmark ceremony at Canterbury Cathedral, Sarah Mullally was formally installed as the first woman to lead the Church of England in its 1,400-year history
In a historic moment for the Church of England, Sarah Mullally has been formally installed as the Archbishop of Canterbury. The 64-year-old now faces a monumental task as she becomes the first woman to lead the church in its 1,400-year history. The ceremony took place on March 25, 2026 at Canterbury Cathedral in South East England, where she took her seat on the 13th-century Chair of St Augustine, marking the start of her public ministry.
Who is Sarah Mullally?
Before her ordination, Mullally built a distinguished career in healthcare. She worked as a cancer nurse within the UK’s National Health Service and went on to become director of nursing at Chelsea and Westminster Hospital in London. At 37, she made history as the youngest chief nursing officer for England in 1999. Despite her success in public health, she has said she always felt drawn to a religious calling.
She was ordained as a priest in 2001 and left her government role in 2004, calling it one of the most significant decisions of her life. Her journey from healthcare to church leadership now marks a defining shift in the institution’s history.
Attendees at Canterbury Cathedral
The installation was attended by around 2,000 guests, including Prince William and Catherine, Princess of Wales, with William representing King Charles III as heir to the throne. Prime Minister Keir Starmer was also present, alongside senior clergy and global faith leaders.
For the occasion, Catherine wore a striking black-and-white houndstooth ensemble by Suzannah London, paired with a statement hat by Juliette Botterill and pearl cluster earrings, adding a polished finish to the historic event.
- Aadrika Sominder is a writer, but foremost an avid reader. With an unwavering commitment to the craft, she is convinced that there is nothing else she was meant to do with her life. Beyond the world of words, her hobbies include snacking and taking long trips.Read More",2178
E010,Today top pictures from around the world that you MUST see,express.co.uk,20260325T210000Z,English,https://www.express.co.uk/news/uk/2186546/todays-best-pictures-from-around-the-world,"A collection of the must-see images of the day, curated by Express picture editor Billy Labrum.
Kier Starmer reacts during PMQ's today 
A British holidaymaker yells out: “Can someone get us help” after climbing out onto the roof of a minibus trapped in flood 
Tory leader meets NHS nurses campaigning for biological sex-based rights 
A plume of smoke rises from the site of an Israeli airstrike in southern Lebanon 
A pair of Royal Navy 815 Naval Air Squadron Wildcat HMA Mk2 (HMA2) helicopters 
The site of a residential building hit in an overnight strike during the U.S.-Israeli military campaign 
The Princess of Wales during a ceremony installing Dame Sarah Mullally as the Archbishop of Canterbury 
Bonobos in their new enclosure at Twycross Zoo, Leicestershire - the only facility in the UK to care for and breed bonobos 
Dean of Canterbury, the Very Revd Dr David Monteith, installs the new Archbishop of Canterbury 
First lady Melania Trump arrives with a robot to attend the Future Together Global Coalition Summit 
Andrew Mountbatten Windsor driving to Marsh Farm on the Sandringham Estate today 
Children look from behind a makeshift tent as displaced Palestinians shelter on the Al-Azhar University campus",1218
E010,Sarah Mullally to be installed as first female Archbishop of Canterbury,moneycontrol.com,20260325T041500Z,English,https://www.moneycontrol.com/world/sarah-mullally-to-be-installed-as-first-female-archbishop-of-canterbury-article-13869816.html,"Up to ₹50 lakhs | Starts at 9.99%
Sarah Mullally will be enthroned as the Church of England's first female Archbishop of Canterbury and spiritual leader of 85 million Anglicans worldwide in a ceremony mixing tradition with global symbolism at Canterbury Cathedral on Wednesday.
Marking the start of her public ministry, the service will seat the former nurse and civil servant in the 13th-century Chair of St Augustine before some 2,000 guests, including heir-to-the-throne Prince William and his wife Kate, Prime Minister Keir Starmer and religious leaders.
""It's a huge moment for the Church... I don't think any of us thought we'd have a female Archbishop this quickly,"" Bishop Rachel Treweek, who was consecrated alongside Mullally in 2015 among the CoE's first women bishops, told Reuters.
While Mullally's appointment in October drew sharp criticism from a conservative grouping of Anglican churches in mostly African and Asian countries called Gafcon, the bloc this month abandoned earlier plans to name a parallel figurehead to Mullally, establishing a new council instead.
A representative body within the global Communion also scrapped a previous proposal for a rotating presidency following concerns about potential rivalry with the Archbishop of Canterbury.
Tensions between progressive and conservative Christians are not unique to Anglicanism, but the Archbishop's role is largely symbolic and dependent on persuasion, unlike the Pope, who wields clear authority over Catholics worldwide.
""Anyone who became Archbishop of Canterbury, there would always be issues with some parts of the wide Anglican Communion ... This isn't new"", Treweek said.
CEREMONY TO REFLECT ANGLICANISM'S GLOBAL REACH
Recent Archbishops have struggled to balance the complexities of the Archbishop's position and bridge divisions over LGBTQ+ and women's leadership between England's now more progressive church and more traditionalist provinces elsewhere.
Gafcon had rejected Mullally's predecessor Justin Welby's leadership over a CoE move to bless same-sex unions.
Mullally herself has emphasised unity in diversity, telling Reuters last October: ""We're a family with a shared root, and with any global church there is great diversity in it.""
On Wednesday, she will seek admission to the cathedral by knocking on its west door, wearing a mitre and a cope secured by a clasp modelled on the belt she wore as a National Health Service nurse. She will then be greeted by children.
Mullally will also wear a ring given to one of her predecessors, Michael Ramsey, by Pope Paul VI in 1966, a symbol of improving ties between Anglicans and Catholics, centuries after King Henry VIII split from Rome.
Prayers and readings in multiple languages, including Urdu, alongside African choruses will reflect the global reach of the Anglican Church during the service.
The Feast of the Annunciation - a celebration of the biblical account of an angel telling Mary she would be the mother of Jesus - falls on Wednesday this year and will be the major theme of the service.
Bishop Nicholas Baines said: ""Archbishop Sarah offers the church an opportunity to create a different and more confident conversation. She brings the right gifts and experience for such a time as this.""
Find the best of Al News in one place, specially curated for you every weekend.
Stay on top of the latest tech trends and biggest startup news.",3392
E010,"Sarah Mullally installed as 106th archbishop of Canterbury , first woman to take the position",ecumenicalnews.com,20260330T001500Z,English,https://www.ecumenicalnews.com/article/sarah-mullally-installed-as-106th-archbishop-of-canterbury-first-woman-to-take-the-position/61365.htm,"The Church of England has installed Sarah Mullally as the 106th archbishop of Canterbury, the first woman to take on the role in the nearly 1,500-year history of the church, becoming the de facto head of the Anglican communion.
Mullally was installed on March 25 at a service at Canterbury Cathedral, attended by leaders from across the Anglican Communion and the Prince and Princess of Wales, Kate Middleton and Prince William, members of Britain's Royal family.
""I make this journey both on a personal level ... but more significantly, I make this journey with others and in the footsteps of the past,"" she said, referring to Thomas Becket, who served as archbishop of Canterbury 850 years ago.
Becket is known for his conflict with England's King Henry II over the rights and privileges of the Church and was murdered by followers of the king in Canterbury Cathedral in 1170.
""Today, I think of the many thousands of unknown Christians who have trodden these same paths since, and not just on this ancient land, but all across the world. People walk the pilgrim paths of faith each and every day.""
All the previous 105 previous Archbishops of Canterbury have been men, starting with St. Augustine in 597 AD.
Women were only allowed to become priests in the Church of England 32 years ago, in 1994.
Previously the bishop of London, Mullally was educated at a state school and was a former National Health Service worker who rose to become England's chief nursing officer.
CANCER-TREATIING NURSE
Mullally, aged 63, was ordained to the priesthood in 2001 after a career as a nurse treating cancer patients and had served as the bishop of London since 2018.
""Regardless of gender, she is a very different prospect from her Old Etonian predecessor, Justin Welby,"" Britain's Guardian newspaper commented.
Addressing some 2,000 guests at the historic cathedral, she also warned against overlooking victims harmed by ""the failures of those in our own Christian churches and communities.""
Some traditionalists in the Church of England and the wider global Anglican Communion, particularly from Africa, continue to oppose the idea of women being priests at all.
In November 2024, Welby resigned from the prominent post amid criticism of how he handled a probe into ""the most prolific serial abuser"" affiliated with the Church of England.
He said in a statement that he was stepping down ""in sorrow"" after seeking the ""gracious permission of His Majesty The King.""
That was after a report commissioned by the Church of England found that he had not ensured a thorough investigation into accusations of abuse involving over 100 boys and young men at Christian camps decades ago.
The Archbishop of Canterbury is the spiritual leader of the worldwide Anglican Communion, the British sovereign is the Defender of the Faith and Supreme Governor of the church, ceremonially heading the Church of England.
Lambeth Palace, the headquarters of the Church of England, confirmed that Archbishop Mullally is to visit Rome from April 25-28, and during the visit she will meet Pope Leo at the Vatican, The Tablet reported.
According to Wikipedia, the Anglican Communion had approximately 85–110 million members in 2025.",3197
E010,Royal Family fans all say the same thing as Kate pictured in stunning hat | Royal | News,express.co.uk,20260326T004500Z,English,https://www.express.co.uk/news/royal/2186678/royal-fans-princess-kate-latest,"Princess Catherine looked as stunning as usual as she stepped out for an engagement in Canterbury earlier today. The 44-year-old was joined by Prince William as the couple attended the Installation of the Archbishop of Canterbury, which was aired on the BBC.
The couple, who were two of around 2,000 people in attendance, marked the symbolic start of the ministry of the first female Archbishop in the role's 1,400-year history. After seeing Catherine's stunning look, fans took to X to share their opinions in the much-loved royal. Many fans showed their excitement for Catherine's future role as Queen Consort. One fan commented: ""THAT is what you call a QUEEN!""
Read more: I’m Meghan’s friend - this is what it's like to watch her mother Archie and Lili
Read more: Meghan Markle issues apology after crashing TikTok video
Another added: ""I’m speechless. Queen vibes"".
Also in agreement, another commented: ""Wow! Every day she looks more like a Queen [gold-crown emoji].""
Commenting on the latest pictures, another commented: ""Born to be a queen"".
As she arrived at the cathedral this morning, Dame Sarah Mullally told the Press Association she was feeling ""absolutely great"" ahead of her installation.
She said: ""Really looking forward to the celebration of the Anglican Communion, the Church of England and the gospel.""",1323
E010,My afternoon in  big room  with new Archbishop of Canterbury | united kingdom | News,express.co.uk,20260326T080000Z,English,https://www.express.co.uk/news/uk/2186694/my-afternoon-big-room-new-Archbishop-of-Canterbury,"As the editor of the Express, I am forever asking my reporters covering a press conference or key event to 'file an in-the-room piece.'
So, having myself been invited to a huge room - Canterbury Cathedral - for the installation of the new Archbishop of said mighty Christian edifice, it would have been remiss of me not to do the same. Practice what you preach, as it were.
So here goes. Yours truly attended the prestigious event on behalf of His Majesty’s Daily Express.
After arriving by train from London and finally twigging that I would not actually need to ‘robe up in the crypt before the service' as the instructions suggested, I made my way to the stunning venue in the centre of Canterbury.
I soon found myself desperately wanting one of those weighty robes as I waited with hundreds of others in that good old British institution - the queue.
We remained undaunted as we waited patiently in biting winds that also brought an unseasonal flurry of hail/sleety-snow. But I was immediately jealous of the purple-robed clergy chap in front of me who looked warm as toast in his weighty garb. Maybe I should have added a robe layer or two.
No matter, before long, we were through security and waltzing our way inside this historic and awe-inspiring venue.
As the Grenadier Guards flanked the entrance doors, I was seamlessly guided to my seat in the North transept.
My journey took me through the cathedral's central corridor, where the main action would soon unfold. It is called the nave, to be exact, and was where the Prince and Princess of Wales would later take their seats next to the choir.
I wouldn’t say I was seated in the cheap seats, but it was certainly an add-on area to the main action, let's say. Fair enough, I thought.
I was there for the big show and resolutely perched myself on what can only be described as a child-sized church pew - super appropriate, obviously, given the venue, but also only suitable for tiny and sturdy bottoms.
I dutifully waited for an hour with my fellow citizens huddled together on our cramped pew as the organist boomed out some chirpy intro music and a fleet of church wardens bearing staffs and maces busied around to get things ready for kick off.
My only view of the main ceremony was through a side gate off the Quire, which came in very handy when the new Archbishop Dame Sarah Mullally walked right in front of me for a few seconds and sat on the throne to be formally given the Canterbury gig and receive the pastoral staff.
But that was pretty much it. It was a great spot for seeing the frenzied preparations of the cross bearers, trumpeters and nervous choir boys and girls away from the main action but not for the ceremony itself.
For that, I had to rely on a large-screen TV, helpfully placed in front of us. It was great to be there, of course, don't get me wrong. I very much do not want to sound ungrateful, as it was an honour to be there. But it did feel slightly bizarre that I was watching something actually happening yards away from me on the other side of a wall out of sight, on a big telly, like I was at home or in the office.
Even more bizarre was the fact that William and Catherine probably didn’t fare much better, either, sitting in the nave on the other side of the wall. They did not have access to my super big telly, so they did not see a jot of the first half of the service, the poor pair.
It was only when Dame Sarah made her way down to the end of the cathedral for the closing section that they got to see her at all.
I suppose that’s rather reassuring in a way. It meant quite rightly that the new Archbishop was the real star of this show; never mind the next King.
William and Catherine just looked happy to be there and nodded and smiled supportively at the procession members as they went past. Wills looked particularly pleased with the African Choir of Norfolk crew as they sang and danced along with glee.
But as I say, Dame Sarah was the star act. The congregation had earlier watched the ceremony begin as she banged on the cathedral door with her staff three times to gain entry.
Only the most uncivil of types could have barred her access in those brutal temperatures outside. 'Never mind about making me Archbishop! Let me in, I’m freezing!'
In she came, and with a few formal intros and cheery hymns, the service was underway.
I do enjoy a good old hymn, especially this time, as it allowed me to stand and relieve my frozen bottom after its prolonged pew pressing.
It meant I could also just about see the top of Dame Sarah’s gold mitre hat as she was installed on St Augustine’s chair.
I heard her say she couldn’t have ever imagined how teenage Sarah would go on to become the Archbishop of Canterbury. It felt like a real seismic moment to see her become the first woman to take the title. It has only taken them 1,429 years!
Her speech was confident and dignified and showed intelligence as she acknowledged the Church needed to deal with its failures in terms of dealing with abuse.
It also injected an element of humour as she mentioned how sore her feet and legs were after her nearly 90-mile walk to Canterbury in the days before the installation.
By the end, she seemed very happy, and the congregation did too. The most enjoyable part of this obviously formal ceremony was when the crowd broke into an impromptu and lengthy round of applause at the end. It was a spontaneous show of support for the new Archbishop, who was genuinely delighted.
Service over and with Dame Sarah leaving the Cathedral to greet the crowds in the Butter Market outside, I headed for the exit, intending to begin my pilgrimage back to London on Southeastern trains.
But in my haste to leave, I managed to find myself penned in behind the new Archbishop's entourage as she did a few selfies with the Canterbury flock.
It was all very charming stuff, but the 5.01pm to London Bridge was calling, so I managed to manoeuvre myself through the crash barriers and scarper for the station, much to the bemusement of the adoring crowd wishing they were where I had just come from.
My afternoon in the big room had come to an end.
Well done, Canterbury, for putting on such a great show, and well done, our first-ever woman Archbishop, for making history.",6246
E010,Mullally takes helm as first woman Archbishop of Canterbury,jpost.com,20260326T080000Z,English,http://www.jpost.com/christianworld/article-891235,"Sarah Mullally was enthroned as the Church of England's first female Archbishop of Canterbury on Wednesday, taking the helm as the spiritual leader of 85 million Anglicans worldwide in a historic ceremony blending tradition with global symbolism.
The former nurse took her seat on the 13th-century Chair of St Augustine at Canterbury Cathedral before 2,000 guests, including heir-to-the-throne Prince William and his wife Kate, Prime Minister Keir Starmer and religious leaders.
Delivering her first sermon as Archbishop, Mullally - wearing a golden miter and led by an African choir of singing and dancing women for part of the service - prayed for ""peace to prevail"" in war-ravaged parts of the world, from the Middle East and Ukraine to Sudan and Myanmar.
""As I begin my ministry today as Archbishop of Canterbury, I say again to God: 'Here I am',"" she told the congregation.
Mullally, 63, acknowledged the sufferings caused by the Church's past safeguarding failures, one of which caused her predecessor Justin Welby to resign, stressing the need to ""remain committed to truth, compassion, justice and action.""
Before the ceremony, Bishop Philip Mounstephen, who would bless her as she was installed in the diocesan chair during the service, told Reuters that the arrival of a woman in an ""ancient office ... older than the Crown"" was a historic occasion.
""It does signal a huge change that has taken place in the life of the Church,"" Mounstephen said.
Ceremony captures Anglicanism's global reach
While Mullally's appointment in October drew sharp criticism from a conservative grouping of Anglican churches in mostly African and Asian countries called Gafcon, the bloc this month abandoned earlier plans to name a parallel figurehead to Mullally, establishing a new council instead.
A representative body within the global Communion also scrapped a previous proposal for a rotating presidency following concerns about potential rivalry with the Archbishop of Canterbury.
Tensions between progressive and conservative Christians are not unique to Anglicanism, but the Archbishop's role is largely symbolic and dependent on persuasion, unlike the Pope, who wields clear authority over Catholics worldwide.
Recent Archbishops have struggled to bridge divisions over LGBTQ+ issues and women's leadership between England's now more progressive church and more traditionalist provinces elsewhere.
A bishop from the Anglican Church in Kenya, which is aligned with Gafcon, struck a more conciliatory tone as he arrived at Canterbury.
""Even though we hold that this (same-sex blessings) is not acceptable, we want to argue it from within to have people see also the reason why we reached that conclusion,"" Bishop Francis Omondi told Reuters.
Mullally herself has emphasized unity in diversity, telling Reuters last October: ""We're a family with a shared root, and with any global church there is great diversity in it.""
Archbishop to be let into cathedral
At the start of Wednesday's ceremony, she knocked on the cathedral's west door, wearing a cope secured by a clasp modeled on the belt she wore as a National Health Service nurse. She was then greeted by children.
Mullally wore a ring given to one of her predecessors, Michael Ramsey, by Pope Paul VI in 1966, a symbol of improving ties between Anglicans and Catholics, centuries after King Henry VIII split from Rome.
Prayers and readings in multiple languages, including Urdu, rang through the cathedral during the service, reflecting the global reach of the Anglican Church.
Wednesday marks the Feast of the Annunciation - a celebration of the biblical account of an angel telling Mary she would be the mother of Jesus - and this was the major theme of the service.
""As I look back over my life - at the teenage Sarah, who put her faith in God and made a commitment to follow Jesus - I could never have imagined the future that lay ahead,"" Mullally said.",3909
E010,"For the first time in more than 1 , 400 years , Church of England gets a woman leader",wamc.org,20260325T184500Z,English,https://www.wamc.org/2026-03-25/for-the-first-time-in-more-than-1-400-years-church-of-england-gets-a-woman-leader,"CANTERBURY – In a ceremony that has been taking place for more than 1,400 years, the Church of England has installed its new leader, the archbishop of Canterbury.
For the first time in history, the new archbishop is a woman, Sarah Mullally. She becomes the 106th person to hold the job.
The 90-minute ceremony began with Mullally knocking three times on the west door of Canterbury Cathedral, before being let in by local schoolchildren. It was attended by the Prince and Princess of Wales, and Prime Minister Keir Starmer.
In her sermon, Mullally alluded to her role as the first female archbishop, saying: ""As I look back over my life … I could never have imagined the future that lay ahead, and certainly not the ministry to which I am now called.""
Mullally was appointed to the role last October. In the week before the installation, she walked 87 miles east from London to Canterbury, a journey immortalized in Geoffrey Chaucer's English literature classic, The Canterbury Tales.
This is a historic moment because the Church of England has only allowed women to become priests since 1994 and bishops since 2014.
As well as becoming the head of the Church of England, Mullally is the spiritual leader of the Anglican Communion, which includes tens of millions of Anglicans around the world. The installation ceremony nodded to the role's global reach, with sections in languages, which included Spanish, Swahili and Urdu.
Mullally's appointment has not been without controversy: one of the church's offshoots, the Global Fellowship of Confessing Anglicans, has expressed its opposition.
However, Stephen Cottrell, the archbishop of York – the second most senior bishop in the Church of England – told NPR that the occasion marking Mullally's installation as the archbishop of Canterbury was a joyful one.
""I don't underestimate the challenge this is for some people in the Anglican Communion, but equally I don't think we should overplay that,"" Cottrell said. 
 ""I think the world is rejoicing today at what's happening.""
Reverend Emily Onyango, assistant bishop of the Diocese of Bondo, was the first woman ordained as a bishop in the Anglican Church of Kenya. She told NPR that leadership roles in the church can be harder for women.
""Most people have never seen a woman church leader … people set such a high bar,"" Onyango said. ""Everybody thinks that you should be twice as good as the other bishops to be recognized so I think it is quite challenging.""
Onyango was visiting the U.K. alongside fellow bishop, Vicentia Kgabe, the bishop of Pretoria. They are both members of what's known as the ""Africa six."" Five members of the group of female Anglican bishops traveled to Canterbury for the ceremony.
""Some of us never thought in our lifetime, nor in the life of the church, we'd have a woman being elected and her saying yes to the appointment,"" Kgabe said. ""That is a historic moment.""
""We are very excited and grateful to God that this has happened,"" Onyango added. ""We feel affirmed, you know, by one of us being at the top of the church.""
Leading up to the ceremony, the Church of England has been in something of a crisis. The last archbishop, Justin Welby resigned in disgrace in November 2024 after he was severely criticized over the way he handled a sexual abuse scandal in the church.
Madeleine Davies is a senior journalist for Church Times, who has met Mullally on several occasions. She told NPR Mullally's experience as a senior nurse and then as Britain's chief nursing officer, should help her in the job. ""She always seems very calm, in control, self-contained,"" Davies said. ""She's got quite a peaceable presence, and I think that will be reassuring to people.""
Davies says that some people have criticized Mullally as ""managerial,"" but suggests this is likely to be a useful character trait in her work. Mullally's tasks involve helping to clean up the church's image, tackling falling congregation numbers, and looking after hundreds of cash-strapped churches across the United Kingdom.
""This is not only a centuries-old office, it's a millennia-old office,"" the bishop of Winchester, Philip Mounstephen, told NPR, explaining that Mullally has become the leader of one of the world's oldest institutions. ""The office of Archbishop of Canterbury is older than the Crown of England,"" Mounstephen said.
For nearly a thousand years, the Church of England was aligned with the Catholic Church, until King Henry VIII broke communion with Rome in order to get a divorce and marry Anne Boleyn. At earlier periods of history, the role used to involve giving political advice to the monarch. Several archbishops were killed over the years, notably Thomas Becket and Thomas Cranmer.
While today's archbishops of Canterbury are less influential than in the past, they do have a seat in Parliament's House of Lords, and often give moral leadership through statements to the media.
Copyright 2026 NPR",4916
E010,Prince William urged to  personally addres one topic after  uncomfortable  incident | Royal | News,express.co.uk,20260327T140000Z,English,https://www.express.co.uk/news/royal/2187423/prince-william-personally-address-one,"Prince William has been urged to “personally address” his faith after years of doubt over his commitment to the church. Both King Charles and the late Queen Elizabeth II regularly attended church as devout Christians.
The Prince of Wales however is not a regular at church and this week reaffirmed that he has a “quiet faith”. A source close to the Prince told The Times he wanted to “draw a line in the sand” and clear up his commitment to the church. However, Daily Mail Royal Editor Rebecca English has urged William to “personally address” his stance on Christianity. It comes as she admits she is “less than comfortable” with private briefings being given by aides.
English however praised the 48-year-old for wanting to bring his “authentic self” to the role of King when he takes over from his father.
Speaking on the Palace Confidential podcast, she said: “I’m less comfortable about private briefings being given out and I think it’s something he personally should address and I do admire his honesty and his authenticity and I think it’s something he’s made clear he wants to bring to his role, is his authentic self and he didn’t really feel that he could almost pretend to be a regular churchgoer when he’s not, and I think that aspect has to be admired.”
The Daily Mail’s Diary Editor Richard Eden believes William’s stance on Christianity will “resonate” with many people. According to the 2021 census, 27 million people across the United Kingdom identified as Christian.
In contrast, only around a million people are said to be regular churchgoers, says the Church of England. While that number has continued to grow year-on-year, it’s not yet reached pre-pandemic levels.
Read more: Prince Harry and Meghan Markle issue new bombshell statement
Read more: TalkTV halted for Andrew alert as star says ‘the King is afraid’
Read more: 'I write about the royals – one Princess Kate bombshell left Meghan furious'
Eden believes William’s admission that he has a “quiet faith” will reflect well with many people. Although he concedes that many people will believe the head of the Church of England should regularly attend services.
He said: “I think that will resonate with a lot of people who might not go to church every week but still have that kind of quiet faith. So it went down well with some people and less so well with others who think the supreme governor or future supreme governor should go to church.”
Eden went on to say it would be “great” if William started attending church more regularly when he becomes king. When asked what he thinks as a churchgoer, Eden replied: “To be honest, like I say, it does sort of resonate with a lot of people that he does have that sort of quiet faith and the Church of England is very much not ramming it down people's throats. They'd like him to be honest. In a way, you could say it's good that he is honest.”
A source close to William told The Times he wanted to reaffirm his position on his faith ahead of the installation of Dame Sarah Mullally as the Archbishop of Canterbury. She became the first female to hold the role on Wednesday.
The source said: “This week is an opportunity to be very clear in people’s minds, when he walks into Canterbury Cathedral, of where he stands. For him, it is a drawing of a line in the sand of where he’s at and it’s really important that it [the question over his commitment to the Church] is cleared up.
“His feeling is, ‘I might not be at church every day but I believe in it, I want to support it and this is an important aspect of my role and the next role and I will take it very seriously, in my own way’.”",3614
